,0,1,2,3,4,5,6,7,8,9,10,11,12,13,14,15,16,17,18,19,20,21,22,23,24,25,26,27,28,29,30,31,32,33,34,35,36,37,38,39,40,41,42,43,44,45,46,47,48,49,50,51,52,53,54,55,56,57,58,59,60,61,62,63,64,65,66,67,68,69,label(ppm)
30,0.136587,0.137231,0.137875,0.136909,0.136909,0.137553,0.137231,0.137875,0.137231,0.137553,0.137553,0.137553,0.136909,0.137231,0.137875,0.137553,0.137553,0.138842,0.136909,0.137553,0.137553,1.472813,2.281251,2.520013,2.606689,2.63311,2.642132,2.647288,2.64761,2.640199,2.638266,2.639233,2.640199,2.63891,2.631499,2.629244,2.631177,2.631822,2.631822,2.623444,2.624088,2.6228,2.624411,2.624411,2.623122,2.617322,2.615066,2.616677,2.617644,2.608622,2.6112,1.670009,0.705941,0.351182,0.223585,0.181697,0.158497,0.150442,0.144964,0.143031,0.142386,0.141742,0.140453,0.141098,0.140453,0.139487,0.140131,0.139487,0.138842,0.140131,70
31,0.136264,0.138198,0.137231,0.138198,0.137231,0.137553,0.136909,0.137231,0.137875,0.138198,0.136909,0.137875,0.13852,0.136909,0.137553,0.136909,0.137875,0.138198,0.137875,0.137553,0.137875,1.277229,2.216486,2.505835,2.602822,2.632466,2.638266,2.638588,2.643744,2.643421,2.643744,2.63601,2.634077,2.635688,2.636977,2.626988,2.628277,2.628599,2.627955,2.629244,2.619255,2.620866,2.620222,2.621511,2.622477,2.622477,2.615066,2.614422,2.615711,2.616355,2.6083,1.508901,0.639565,0.32766,0.21714,0.173964,0.159142,0.148186,0.145609,0.143031,0.142386,0.140131,0.140775,0.141098,0.140131,0.139487,0.140131,0.140131,0.140775,0.138842,70
32,0.136909,0.138842,0.137553,0.137553,0.137553,0.137553,0.137875,0.137553,0.137875,0.138842,0.137875,0.136264,0.136909,0.137875,0.137231,0.136909,0.137875,0.137553,0.137553,0.137231,1.21633,2.196831,2.498102,2.5996,2.634399,2.638266,2.640521,2.642777,2.644388,2.635044,2.636977,2.635366,2.637299,2.636977,2.630533,2.629244,2.630855,2.631499,2.624733,2.623444,2.624411,2.626666,2.626344,2.618289,2.618289,2.619577,2.620866,2.6112,2.612811,2.612811,1.73993,0.735263,0.360848,0.230351,0.180086,0.160108,0.150442,0.14722,0.143675,0.143675,0.140453,0.141742,0.14142,0.140453,0.139809,0.140131,0.140453,0.140775,0.13852,0.139487,70
33,0.137875,0.137553,0.137231,0.13852,0.13852,0.13852,0.138198,0.137553,0.13852,0.137553,0.136909,0.137231,0.137553,0.137553,0.13852,0.137875,0.137875,0.13852,0.137875,0.136587,1.137709,2.178465,2.494558,2.595089,2.631822,2.645355,2.640844,2.641488,2.643421,2.645032,2.63601,2.63601,2.637944,2.638266,2.629566,2.629888,2.631499,2.632788,2.625377,2.625699,2.625055,2.625699,2.626988,2.617966,2.617966,2.619255,2.620544,2.618933,2.614422,2.612811,1.823706,0.771351,0.374381,0.234862,0.183952,0.160431,0.151086,0.145931,0.143031,0.141742,0.141742,0.14142,0.140775,0.140453,0.140775,0.140131,0.140775,0.140453,0.140453,0.13852,70
34,0.136587,0.140775,0.137875,0.138842,0.137231,0.13852,0.13852,0.13852,0.139164,0.137231,0.137875,0.137553,0.138198,0.138842,0.138198,0.13852,0.136909,0.138198,0.137553,0.138198,0.13852,1.330394,2.232919,2.511635,2.603789,2.636333,2.641488,2.642132,2.643099,2.646321,2.642132,2.63891,2.636977,2.63891,2.631499,2.630855,2.632144,2.632788,2.626666,2.626344,2.627633,2.627955,2.620544,2.619577,2.621511,2.621833,2.614422,2.615389,2.614744,2.616355,2.610233,1.795673,0.759751,0.369548,0.233573,0.182019,0.160753,0.151409,0.145286,0.143353,0.143031,0.139487,0.143353,0.139809,0.14142,0.140131,0.139809,0.140453,0.139809,0.139164,70
35,0.137553,0.138198,0.138198,0.137875,0.137875,0.137231,0.137231,0.137231,0.138198,0.138198,0.137875,0.13852,0.136587,0.137875,0.137553,0.137875,0.137553,0.137875,0.138198,0.137875,1.146731,2.179109,2.497136,2.594445,2.629244,2.642132,2.645999,2.640844,2.64181,2.643099,2.634722,2.634077,2.636333,2.636655,2.630855,2.629244,2.631177,2.629888,2.624733,2.626344,2.626666,2.618611,2.618289,2.620866,2.622155,2.6141,2.6141,2.617,2.617,2.610555,1.840783,0.779406,0.37567,0.236473,0.18363,0.161397,0.149797,0.145609,0.144642,0.143675,0.141742,0.14142,0.141098,0.140131,0.139809,0.141098,0.140131,0.139809,0.139487,0.140453,70
36,0.137875,0.136587,0.138198,0.138198,0.136587,0.137553,0.136587,0.138198,0.137553,0.138198,0.137231,0.137231,0.137231,0.137875,0.138198,0.13852,0.138198,0.136909,0.137553,0.136909,0.138198,1.290762,2.218419,2.505191,2.601211,2.634722,2.638588,2.642455,2.644388,2.645355,2.637944,2.638266,2.63891,2.639555,2.632144,2.632466,2.633755,2.626666,2.626022,2.627633,2.628599,2.6199,2.620866,2.623122,2.624088,2.617644,2.618289,2.619255,2.611522,2.612489,2.614422,1.789229,0.756851,0.368259,0.232929,0.182019,0.160753,0.151086,0.145931,0.143031,0.143031,0.142064,0.140775,0.140775,0.140131,0.140453,0.140131,0.139809,0.140453,0.139809,70
37,0.137875,0.137553,0.137553,0.137875,0.136587,0.139487,0.135298,0.13852,0.137231,0.139809,0.137875,0.137553,0.137231,0.136909,0.137553,0.138198,0.137553,0.137231,0.13852,0.138198,1.151887,2.17782,2.493591,2.595089,2.631822,2.643099,2.638588,2.640521,2.643099,2.643744,2.635044,2.634399,2.636655,2.637621,2.636977,2.627633,2.630855,2.63021,2.632144,2.621511,2.621511,2.623766,2.625055,2.621833,2.617644,2.617322,2.618933,2.619577,2.612811,2.6112,1.855605,0.785206,0.378248,0.236796,0.18363,0.161075,0.150764,0.145931,0.143353,0.143031,0.141742,0.140775,0.140453,0.140775,0.140453,0.138198,0.140131,0.13852,0.139487,0.139487,70
38,0.13852,0.137231,0.138198,0.138842,0.138198,0.13852,0.137875,0.137875,0.13852,0.137875,0.138198,0.138198,0.138842,0.136909,0.137553,0.138198,0.137231,0.138198,0.13852,0.137875,1.039756,2.141732,2.48038,2.593156,2.63021,2.643744,2.639555,2.639555,2.642455,2.642777,2.634399,2.63311,2.634399,2.636333,2.629244,2.627955,2.629244,2.630855,2.629888,2.624411,2.621511,2.6228,2.623766,2.613455,2.615066,2.616355,2.617322,2.618289,2.610555,2.609267,2.147532,0.917959,0.423036,0.252262,0.189108,0.164297,0.151086,0.145931,0.143353,0.142064,0.14142,0.140453,0.140775,0.140131,0.139487,0.139809,0.13852,0.139487,0.139487,0.139164,70
39,0.137553,0.137875,0.138198,0.137231,0.137231,0.137553,0.137231,0.137553,0.137231,0.13852,0.137231,0.136909,0.136264,0.137553,0.136909,0.137231,0.137875,0.136909,0.137231,0.137875,0.686608,2.021224,2.445581,2.582523,2.619255,2.634399,2.640521,2.64181,2.642777,2.642132,2.633433,2.632466,2.633755,2.634077,2.634077,2.626022,2.625699,2.626022,2.628599,2.626666,2.626988,2.618289,2.617644,2.618611,2.618933,2.618933,2.618289,2.612166,2.609911,2.611844,2.298329,0.992068,0.449135,0.261606,0.193296,0.165264,0.153664,0.146575,0.143353,0.14142,0.141742,0.140453,0.140775,0.140131,0.140131,0.140131,0.139487,0.139164,0.139487,0.138198,70
40,0.137231,0.136587,0.137231,0.136909,0.137231,0.137231,0.137231,0.137553,0.137553,0.136909,0.137553,0.137231,0.137553,0.137553,0.136264,0.136909,0.137231,0.137231,0.137875,0.137231,0.83676,2.072778,2.457825,2.585423,2.628922,2.635688,2.639555,2.641488,2.643744,2.633755,2.634399,2.636655,2.636977,2.637299,2.629888,2.628277,2.629888,2.63021,2.621188,2.621833,2.622477,2.6228,2.623766,2.6228,2.616355,2.615066,2.615389,2.616355,2.617644,2.608944,2.085989,0.889604,0.412725,0.248718,0.188463,0.163008,0.151731,0.145931,0.144642,0.143353,0.141098,0.140453,0.140775,0.140131,0.140131,0.140131,0.140453,0.140131,0.140131,0.140453,70
41,0.137553,0.137553,0.137231,0.138198,0.137231,0.137553,0.13852,0.137553,0.137231,0.137875,0.137553,0.136909,0.13852,0.136587,0.13852,0.136909,0.137553,0.137553,0.137875,0.137875,0.99819,2.128521,2.478769,2.592834,2.631177,2.638266,2.640199,2.643099,2.643099,2.643421,2.63601,2.634722,2.63601,2.63601,2.63601,2.630855,2.627633,2.627311,2.628922,2.628922,2.6199,2.621188,2.619577,2.622477,2.622155,2.6228,2.614422,2.613778,2.615066,2.615711,2.125621,0.90797,0.420136,0.25194,0.190719,0.164297,0.15302,0.14722,0.143353,0.14142,0.141098,0.14142,0.140453,0.140775,0.141098,0.140453,0.140131,0.139164,0.139487,0.141098,70
42,0.138198,0.138842,0.139164,0.137875,0.13852,0.137553,0.137231,0.137553,0.137875,0.138842,0.137553,0.137553,0.137553,0.137553,0.136264,0.138198,0.137553,0.136909,0.138198,0.13852,0.546767,1.970958,2.42657,2.573178,2.623122,2.640844,2.646321,2.640199,2.63891,2.641166,2.642132,2.641166,2.632788,2.632144,2.632144,2.632466,2.633755,2.623766,2.624411,2.626022,2.626666,2.624411,2.6199,2.618289,2.620866,2.620866,2.620222,2.609911,2.612489,2.610555,2.276096,0.980791,0.445269,0.261284,0.193941,0.165264,0.152697,0.146897,0.143353,0.142386,0.141098,0.14142,0.140775,0.140775,0.139809,0.139809,0.139164,0.139164,0.140131,0.139487,70
43,0.137553,0.13852,0.137231,0.136909,0.137875,0.136264,0.137553,0.138842,0.137553,0.137553,0.138198,0.137231,0.137553,0.137553,0.137553,0.137553,0.137231,0.13562,0.137875,0.137231,0.441724,1.921981,2.416582,2.564801,2.619255,2.635044,2.64181,2.642455,2.643744,2.643421,2.636333,2.634077,2.634077,2.634399,2.634722,2.63021,2.627633,2.625377,2.626344,2.626666,2.626666,2.617,2.619255,2.616677,2.616677,2.618611,2.618289,2.610233,2.610878,2.6083,2.545468,1.118699,0.494246,0.277395,0.200063,0.167519,0.153986,0.147864,0.143998,0.142709,0.142709,0.141742,0.140775,0.139487,0.140453,0.139809,0.139809,0.140131,0.140131,0.139164,70
44,0.137553,0.137875,0.137553,0.137231,0.137231,0.136909,0.137231,0.136587,0.137553,0.137231,0.138198,0.137875,0.136909,0.136587,0.137553,0.137553,0.13852,0.137553,0.137231,0.13852,0.447847,1.922948,2.415937,2.56609,2.620222,2.639233,2.638266,2.640521,2.642132,2.634399,2.634399,2.637299,2.63021,2.63021,2.63311,2.63311,2.626988,2.626988,2.628599,2.6199,2.620544,2.621833,2.623122,2.614422,2.616033,2.617644,2.619255,2.612166,2.613133,2.614744,2.610878,1.17702,0.513901,0.285128,0.202641,0.169775,0.154953,0.147864,0.144964,0.141742,0.142709,0.140775,0.140453,0.141098,0.140453,0.139809,0.140131,0.140131,0.139164,0.139809,70
45,0.136909,0.137231,0.137231,0.137875,0.137231,0.137553,0.137553,0.137553,0.136909,0.137875,0.137553,0.13852,0.137875,0.137553,0.137231,0.138198,0.137553,0.137231,0.136587,0.136909,0.139487,1.736708,2.351494,2.547401,2.615066,2.638266,2.637944,2.642132,2.644388,2.637944,2.637944,2.639233,2.63021,2.631499,2.633755,2.634722,2.627311,2.626988,2.627955,2.623444,2.620866,2.622155,2.624088,2.618289,2.616677,2.619255,2.618611,2.611844,2.613778,2.615389,2.547723,1.119988,0.49489,0.278039,0.199741,0.168164,0.154631,0.146575,0.144642,0.142709,0.141742,0.14142,0.140453,0.140453,0.140453,0.139164,0.139809,0.139164,0.138842,0.139809,70
46,0.137875,0.137231,0.137875,0.137231,0.137553,0.136587,0.138198,0.136909,0.136264,0.137553,0.137875,0.13852,0.137553,0.136909,0.137553,0.136587,0.136909,0.137231,0.136909,0.138198,0.136587,1.697397,2.343439,2.542568,2.613133,2.637299,2.63601,2.639233,2.642455,2.642455,2.633755,2.634399,2.635044,2.635688,2.629244,2.628599,2.629566,2.630855,2.621833,2.6228,2.625377,2.626988,2.618933,2.618933,2.620544,2.617966,2.613455,2.6141,2.615389,2.612811,2.608622,1.367771,0.589299,0.309294,0.212629,0.173319,0.15592,0.148186,0.145609,0.142709,0.142386,0.140775,0.142386,0.140131,0.140775,0.139487,0.140775,0.139809,0.140453,0.139487,70
47,0.137875,0.137553,0.137231,0.137553,0.137875,0.137231,0.137875,0.137875,0.137553,0.137875,0.137875,0.137553,0.137553,0.137875,0.137231,0.136909,0.137553,0.137553,0.138198,0.138198,0.136909,1.608788,2.320562,2.53709,2.608622,2.635044,2.645032,2.639877,2.64181,2.643421,2.634399,2.634722,2.636977,2.636977,2.632788,2.629888,2.630855,2.631499,2.6228,2.623444,2.626022,2.627955,2.620544,2.6199,2.621511,2.6228,2.616355,2.616033,2.617322,2.617,2.6112,2.45557,1.0723,0.478135,0.272561,0.197485,0.165908,0.154308,0.147542,0.14432,0.142709,0.142386,0.14142,0.140453,0.140775,0.140453,0.139487,0.139809,0.138842,0.139164,70
48,0.137231,0.138198,0.138198,0.137875,0.138198,0.137875,0.137875,0.137231,0.136587,0.137875,0.137553,0.137231,0.137231,0.137231,0.137553,0.137875,0.137875,0.137231,0.137875,0.136909,0.136264,1.400315,2.256441,2.520013,2.5996,2.628277,2.63891,2.644388,2.636333,2.636977,2.637944,2.638266,2.629566,2.63021,2.63021,2.631499,2.623444,2.624411,2.621833,2.623122,2.623766,2.616355,2.615389,2.615389,2.615711,2.617,2.609589,2.607655,2.609267,2.609589,2.610233,1.460569,0.620876,0.319927,0.214563,0.173964,0.156564,0.148509,0.143353,0.141742,0.140131,0.140453,0.139164,0.139809,0.139487,0.139809,0.140131,0.139164,0.138842,0.138842,70
49,0.136909,0.13562,0.137231,0.136909,0.136264,0.136909,0.135942,0.136587,0.136909,0.136909,0.136587,0.136587,0.136909,0.135942,0.13562,0.135298,0.135942,0.136587,0.136909,0.137231,0.136587,1.522434,2.283185,2.521302,2.601211,2.628922,2.63891,2.637944,2.635366,2.632466,2.634399,2.634722,2.63601,2.627955,2.625699,2.628277,2.628922,2.628277,2.621511,2.6199,2.620544,2.621188,2.622477,2.617,2.614422,2.613133,2.614422,2.614744,2.615066,2.607655,2.606367,1.507935,0.639887,0.32766,0.219074,0.175897,0.157853,0.148509,0.144964,0.143998,0.14142,0.140775,0.140131,0.140453,0.139809,0.139487,0.140131,0.139809,0.138842,0.139164,70
50,0.137875,0.137231,0.138842,0.137553,0.136587,0.136909,0.136587,0.136587,0.137553,0.136587,0.137553,0.137231,0.137231,0.136909,0.137231,0.137875,0.136909,0.137553,0.137875,0.137231,0.136909,1.460569,2.27094,2.520013,2.604111,2.63311,2.635366,2.638588,2.639555,2.638588,2.639233,2.639233,2.63021,2.63021,2.63021,2.631177,2.631822,2.625377,2.623122,2.625377,2.625377,2.617322,2.618289,2.616355,2.617966,2.619577,2.619255,2.610233,2.610555,2.610878,2.612166,1.579144,0.668564,0.338293,0.221651,0.177186,0.158497,0.15012,0.145609,0.143998,0.141098,0.14142,0.141742,0.139487,0.139809,0.140453,0.139809,0.139809,0.139487,0.138842,70
51,0.136587,0.137231,0.135942,0.137875,0.137553,0.137875,0.137553,0.137553,0.139487,0.137875,0.137875,0.137875,0.13852,0.137875,0.137553,0.137875,0.137875,0.138198,0.136909,0.136587,0.136264,1.38646,2.249996,2.516146,2.604433,2.63311,2.635366,2.637621,2.637944,2.638266,2.638266,2.638588,2.627955,2.628922,2.626988,2.628922,2.628599,2.627633,2.621833,2.620866,2.617966,2.619255,2.619577,2.6199,2.611522,2.612811,2.611844,2.612489,2.612811,2.612811,2.6025,1.647454,0.69563,0.346349,0.224551,0.177186,0.158175,0.149153,0.144964,0.142709,0.142064,0.140453,0.142064,0.139487,0.139487,0.139487,0.139487,0.138842,0.138842,0.13852,70
52,0.136264,0.137553,0.136909,0.136587,0.136587,0.136264,0.136909,0.137553,0.136909,0.136587,0.136909,0.136909,0.136264,0.137553,0.136909,0.136587,0.137231,0.136909,0.137553,0.136264,1.067144,2.148821,2.482636,2.591867,2.620544,2.63311,2.638588,2.64181,2.63311,2.633433,2.634399,2.635366,2.63601,2.628599,2.628277,2.63021,2.629566,2.623766,2.6228,2.624411,2.625055,2.617966,2.618611,2.619577,2.621188,2.613455,2.613778,2.615066,2.617,2.608622,1.789873,0.756851,0.368259,0.232929,0.181052,0.160431,0.151731,0.145931,0.142709,0.143031,0.140453,0.140453,0.140131,0.140131,0.139487,0.140131,0.140131,0.138198,0.140453,0.139809,70
53,0.136587,0.136909,0.139487,0.13562,0.13852,0.135942,0.136909,0.137231,0.137553,0.137875,0.13852,0.136909,0.137875,0.135942,0.13852,0.138198,0.137875,0.137231,0.137875,0.137553,1.232118,2.202953,2.503258,2.592189,2.626988,2.639233,2.64471,2.645032,2.637944,2.635688,2.638588,2.639233,2.628277,2.631822,2.629888,2.632466,2.621833,2.624733,2.625377,2.626344,2.626022,2.620222,2.619255,2.622155,2.620544,2.614422,2.613455,2.615066,2.615711,2.6083,1.703519,0.719474,0.354726,0.227774,0.180408,0.159786,0.149797,0.145609,0.143353,0.141742,0.14142,0.139809,0.140453,0.139487,0.14142,0.138842,0.141098,0.139164,0.140131,0.13852,70
54,0.13852,0.137231,0.137231,0.137231,0.137553,0.136587,0.137875,0.136587,0.137875,0.137875,0.136909,0.137231,0.137875,0.137231,0.137553,0.137231,0.137231,0.137231,0.13852,0.138198,0.136909,1.281417,2.219386,2.508091,2.593478,2.626988,2.639877,2.644388,2.644388,2.638588,2.637299,2.637944,2.638266,2.638266,2.63021,2.627955,2.628922,2.630855,2.630855,2.624411,2.623122,2.623766,2.626022,2.616677,2.617966,2.617966,2.617966,2.619577,2.612811,2.610555,2.612811,1.554656,0.660186,0.334749,0.221329,0.176864,0.158175,0.149475,0.145286,0.143675,0.142386,0.141742,0.141098,0.141098,0.141098,0.140131,0.140131,0.139487,0.139164,0.138198,70
55,0.13852,0.137875,0.13852,0.137231,0.138198,0.137553,0.13562,0.140453,0.136264,0.138842,0.137231,0.137875,0.137875,0.137231,0.137875,0.137875,0.137553,0.137875,0.138198,0.137231,1.070366,2.153976,2.48908,2.588645,2.626666,2.639555,2.644388,2.646321,2.63891,2.637621,2.639233,2.639555,2.631822,2.631177,2.633433,2.633433,2.623444,2.626344,2.625055,2.626988,2.620866,2.620222,2.6199,2.621188,2.621833,2.615066,2.614744,2.616355,2.616677,2.606689,1.69482,0.71593,0.354404,0.229385,0.179763,0.160108,0.148831,0.146575,0.143353,0.143031,0.141742,0.140775,0.141098,0.139809,0.138842,0.139809,0.14142,0.136264,0.141742,0.139487,70
56,0.137875,0.13852,0.137875,0.137875,0.138198,0.137875,0.137231,0.137231,0.137553,0.137875,0.138842,0.138198,0.138198,0.137231,0.137231,0.138198,0.138198,0.13852,0.137231,0.13852,1.079066,2.153976,2.484569,2.593156,2.631499,2.635044,2.639233,2.642132,2.642455,2.642132,2.634077,2.632788,2.634722,2.635366,2.625055,2.626022,2.628277,2.628599,2.627955,2.620866,2.6199,2.621833,2.622155,2.621188,2.613133,2.613455,2.615066,2.615389,2.616677,2.6083,1.851094,0.782628,0.376315,0.235184,0.182986,0.161397,0.151086,0.145931,0.143998,0.142386,0.141098,0.140775,0.140131,0.141098,0.139164,0.139809,0.140453,0.139487,0.139487,0.139164,70
57,0.136587,0.137875,0.137875,0.137875,0.137875,0.137231,0.137553,0.137231,0.137875,0.13852,0.134976,0.139487,0.136909,0.137231,0.137875,0.137553,0.137553,0.13852,0.138198,0.137875,1.180242,2.186842,2.495847,2.597667,2.632144,2.636333,2.638588,2.640199,2.640844,2.641488,2.637299,2.633755,2.631499,2.631822,2.631499,2.632144,2.631822,2.623766,2.623122,2.6228,2.626022,2.623766,2.616033,2.617,2.616677,2.617,2.617322,2.617644,2.608622,2.608944,1.714475,0.724952,0.356982,0.229385,0.180408,0.159786,0.15012,0.145931,0.14432,0.141742,0.14142,0.140775,0.140775,0.140453,0.140453,0.139809,0.140453,0.139487,0.139164,0.137553,70
58,0.137231,0.137231,0.139164,0.138198,0.136264,0.136587,0.137231,0.137231,0.137553,0.137553,0.137553,0.137231,0.137231,0.136909,0.137875,0.136909,0.137875,0.136909,0.137231,0.137553,0.137875,1.262085,2.215519,2.504224,2.597022,2.627633,2.640521,2.64471,2.637944,2.637944,2.63891,2.639555,2.639233,2.631499,2.629888,2.630533,2.631177,2.631177,2.621188,2.6228,2.623766,2.624088,2.625055,2.614422,2.615711,2.616355,2.617644,2.617966,2.607655,2.610233,2.610233,1.614266,0.682419,0.34216,0.223585,0.178797,0.158175,0.149475,0.145931,0.143353,0.141742,0.140453,0.14142,0.140453,0.140453,0.140131,0.139487,0.140131,0.139487,0.139164,70
59,0.136909,0.138198,0.137875,0.137553,0.137553,0.137875,0.137553,0.137231,0.137553,0.137231,0.138198,0.137553,0.138198,0.137875,0.136909,0.137553,0.137875,0.137553,0.137231,0.137231,1.179275,2.189098,2.490691,2.592511,2.628599,2.640199,2.645677,2.636333,2.637621,2.63891,2.639233,2.639233,2.631499,2.630533,2.631499,2.631822,2.632466,2.623444,2.623766,2.624088,2.625377,2.625055,2.616355,2.617966,2.617322,2.617322,2.618933,2.617966,2.6112,2.610878,1.640365,0.694341,0.346671,0.22584,0.179119,0.159142,0.15012,0.145286,0.142064,0.142386,0.141742,0.14142,0.14142,0.140131,0.139809,0.140131,0.139809,0.14142,0.139809,0.13852,70
60,0.137875,0.137875,0.137553,0.137231,0.137553,0.138198,0.137875,0.137231,0.137553,0.138198,0.138198,0.137231,0.137553,0.138198,0.137875,0.139164,0.13562,0.139487,0.136587,0.137553,0.950825,2.115311,2.476514,2.586067,2.625055,2.639233,2.643421,2.645677,2.640844,2.638588,2.635688,2.637944,2.637299,2.637299,2.628599,2.627633,2.629888,2.629888,2.63021,2.623122,2.620866,2.6228,2.624088,2.623766,2.616355,2.617966,2.618933,2.618289,2.613133,2.610555,1.887182,0.799061,0.383081,0.238084,0.18363,0.161719,0.152053,0.145609,0.143031,0.142064,0.141098,0.140131,0.140775,0.139487,0.139487,0.140453,0.140131,0.140775,0.139164,0.139164,70
61,0.138198,0.138198,0.138198,0.137875,0.136909,0.136264,0.136909,0.137875,0.137231,0.137553,0.138198,0.136909,0.137231,0.138198,0.138198,0.138198,0.137231,0.137231,0.138842,0.138198,1.189264,2.193287,2.500358,2.592511,2.626022,2.637944,2.640199,2.640844,2.640844,2.642132,2.640521,2.634722,2.631822,2.63021,2.629566,2.631177,2.631177,2.63021,2.620222,2.622477,2.620544,2.621188,2.621511,2.621188,2.612489,2.6141,2.611844,2.6141,2.614744,2.615066,1.676776,0.70723,0.35086,0.226807,0.179441,0.158497,0.151086,0.145286,0.143031,0.142064,0.140131,0.140775,0.140131,0.140453,0.140131,0.139487,0.139487,0.138842,0.139164,0.139164,70
62,0.137231,0.137553,0.137231,0.137553,0.137553,0.137553,0.13852,0.137553,0.136909,0.136587,0.137875,0.137231,0.137553,0.137553,0.136909,0.138198,0.136909,0.137553,0.137875,0.137875,1.166387,2.181365,2.494558,2.597989,2.626666,2.637621,2.642132,2.644066,2.635044,2.635044,2.636977,2.636977,2.637299,2.629888,2.627633,2.628599,2.63021,2.629888,2.6228,2.6228,2.623122,2.624088,2.616355,2.616355,2.617,2.617322,2.617322,2.609267,2.609267,2.609589,1.641654,0.694341,0.345704,0.225518,0.178797,0.158819,0.15012,0.145286,0.143031,0.141098,0.140775,0.140775,0.140775,0.140453,0.140453,0.139487,0.139809,0.138842,0.13852,0.137875,70
63,0.136909,0.137553,0.136909,0.137231,0.137553,0.138198,0.137553,0.136909,0.136909,0.137231,0.138198,0.137231,0.136909,0.136909,0.137553,0.136909,0.137553,0.136909,0.136587,0.137231,1.062955,2.147532,2.482314,2.594122,2.626988,2.635688,2.640199,2.642455,2.644066,2.63601,2.635044,2.636333,2.636655,2.626988,2.627633,2.628599,2.629888,2.629244,2.6199,2.620866,2.622155,2.623766,2.624088,2.617,2.615711,2.617,2.617322,2.615711,2.610555,2.609589,1.707708,0.722374,0.354082,0.229062,0.18073,0.158819,0.150764,0.145931,0.143998,0.14142,0.140775,0.140775,0.140131,0.140775,0.140453,0.139809,0.139809,0.140131,0.139487,0.139487,70
64,0.137231,0.137875,0.137553,0.137875,0.137231,0.138198,0.137553,0.135942,0.136909,0.137875,0.137553,0.137553,0.137553,0.137231,0.137875,0.13852,0.137553,0.137553,0.137875,0.136909,1.139643,2.17782,2.486825,2.5909,2.629244,2.64181,2.636333,2.63891,2.641166,2.642455,2.63311,2.632788,2.634722,2.636333,2.627955,2.627633,2.629566,2.630533,2.621511,2.622477,2.623444,2.625377,2.617,2.617644,2.618933,2.620866,2.613778,2.613778,2.615066,2.616677,1.728652,0.730752,0.359882,0.22874,0.181375,0.160431,0.149797,0.145931,0.143675,0.143031,0.140775,0.142064,0.14142,0.140775,0.140453,0.140131,0.140453,0.139809,0.139164,0.140453,70
65,0.137553,0.136587,0.136909,0.137231,0.137231,0.137553,0.137231,0.137875,0.13852,0.137875,0.138842,0.137875,0.137875,0.137553,0.13852,0.137875,0.137553,0.138198,0.138198,0.137231,1.213108,2.199409,2.49778,2.595733,2.630533,2.643421,2.645677,2.640844,2.639233,2.641166,2.642455,2.634399,2.633433,2.632788,2.63311,2.634399,2.627633,2.627633,2.626666,2.628599,2.629244,2.622155,2.619577,2.622477,2.6228,2.617322,2.616033,2.613455,2.615066,2.616033,1.63521,0.692086,0.346027,0.225518,0.17783,0.160753,0.150764,0.145286,0.143675,0.142386,0.142064,0.141098,0.141742,0.14142,0.140131,0.140775,0.140131,0.140453,0.140131,0.140131,70
66,0.13852,0.137553,0.137553,0.138198,0.137875,0.137553,0.138198,0.138842,0.139487,0.137875,0.137231,0.137231,0.138842,0.139164,0.138842,0.137875,0.138198,0.13852,0.13852,0.138198,1.128365,2.171376,2.491658,2.597667,2.633755,2.63601,2.643744,2.642132,2.645032,2.644066,2.634722,2.636655,2.634399,2.63601,2.636333,2.635366,2.626344,2.627633,2.628277,2.627955,2.629566,2.622155,2.620866,2.621511,2.6228,2.623444,2.616033,2.614744,2.617,2.617966,1.767962,0.747185,0.364715,0.231962,0.181375,0.160431,0.151086,0.145609,0.143353,0.143998,0.142386,0.14142,0.140453,0.140131,0.141098,0.140131,0.139487,0.139487,0.140131,0.139809,70
67,0.137875,0.138198,0.138198,0.138198,0.138198,0.138198,0.137875,0.137875,0.138198,0.138198,0.137875,0.137875,0.137553,0.13852,0.137553,0.137553,0.137231,0.137553,0.138842,0.137553,1.225674,2.200375,2.50068,2.601856,2.636333,2.640521,2.645032,2.646966,2.638588,2.639555,2.64181,2.642132,2.63601,2.635044,2.637621,2.627955,2.629566,2.631822,2.632144,2.624088,2.623444,2.625055,2.626344,2.625377,2.619255,2.619577,2.620866,2.621833,2.615066,2.614422,1.659376,0.702397,0.350538,0.226807,0.180408,0.160108,0.150442,0.146575,0.143675,0.143031,0.142386,0.141742,0.141098,0.141098,0.140453,0.140453,0.140453,0.140775,0.140131,0.140131,70
68,0.137875,0.137553,0.137875,0.138198,0.138198,0.138198,0.137875,0.138198,0.13852,0.139487,0.13852,0.137553,0.138842,0.13852,0.138198,0.13852,0.137875,0.137875,0.138842,0.137553,1.087122,2.162354,2.494236,2.594122,2.628922,2.642777,2.649221,2.646966,2.643099,2.640844,2.642777,2.642777,2.642455,2.635366,2.633433,2.634722,2.634722,2.634399,2.627633,2.625699,2.627633,2.627633,2.627955,2.624733,2.620544,2.618289,2.6199,2.620544,2.620544,2.613455,1.746374,0.739129,0.361493,0.230996,0.181052,0.160431,0.150764,0.145931,0.143353,0.142386,0.141098,0.14142,0.140453,0.141098,0.141098,0.140775,0.140453,0.139809,0.140453,0.140131,70
69,0.136909,0.141098,0.13562,0.138842,0.137231,0.139164,0.137875,0.138842,0.138842,0.137553,0.137231,0.137875,0.138198,0.137875,0.137875,0.137875,0.137875,0.137231,0.138842,0.13852,1.205052,2.197153,2.501969,2.602822,2.637299,2.642132,2.646643,2.648899,2.648899,2.642132,2.639877,2.640199,2.644066,2.63311,2.634077,2.635044,2.636977,2.627633,2.628599,2.63021,2.631499,2.631177,2.624733,2.622477,2.624733,2.625377,2.621833,2.618933,2.617,2.618289,1.608144,0.682741,0.343449,0.225518,0.179763,0.159786,0.151086,0.146897,0.145931,0.142386,0.142064,0.140131,0.14432,0.138842,0.141098,0.140775,0.142064,0.140775,0.140453,0.139164,70
70,0.13852,0.138842,0.13852,0.137875,0.138198,0.138198,0.137553,0.13852,0.138842,0.13852,0.139164,0.139487,0.138842,0.138842,0.13852,0.13852,0.138198,0.13852,0.13852,0.138198,0.139487,1.318472,2.235175,2.517113,2.6112,2.632144,2.643744,2.647288,2.647932,2.647932,2.648577,2.647288,2.638266,2.63891,2.637621,2.636977,2.637944,2.637299,2.637299,2.628922,2.627955,2.628277,2.629244,2.63021,2.623766,2.6228,2.621188,2.622477,2.623766,2.624411,2.613778,1.564322,0.664375,0.337649,0.222618,0.177508,0.159142,0.15012,0.145931,0.143998,0.143353,0.142386,0.142386,0.142064,0.14142,0.14142,0.14142,0.141098,0.14142,0.141098,70
71,0.138842,0.138842,0.13852,0.138198,0.137553,0.140131,0.136587,0.13852,0.138842,0.138842,0.138842,0.137553,0.138842,0.138842,0.138198,0.139164,0.139164,0.139487,0.13852,0.139487,1.123854,2.173954,2.493913,2.601211,2.637299,2.649866,2.654054,2.645999,2.646321,2.645032,2.645677,2.644388,2.645032,2.645355,2.637299,2.634399,2.636655,2.63601,2.636333,2.635688,2.63601,2.627955,2.627311,2.626988,2.627955,2.629244,2.628599,2.619577,2.619255,2.621188,1.564,0.665342,0.338293,0.223263,0.178797,0.160431,0.151086,0.148186,0.145286,0.144642,0.143998,0.143031,0.143353,0.143353,0.143353,0.141098,0.142709,0.142386,0.14142,0.141742,70
72,0.139809,0.140131,0.140131,0.140131,0.139809,0.139487,0.139487,0.13852,0.137875,0.139164,0.139809,0.139809,0.139809,0.138842,0.139809,0.140131,0.139487,0.139487,0.139164,0.13852,0.140131,1.268207,2.220675,2.513569,2.610878,2.643744,2.64471,2.65051,2.65051,2.651799,2.651799,2.651799,2.64471,2.642455,2.644388,2.64471,2.644388,2.636977,2.635688,2.63601,2.637944,2.638266,2.628599,2.629888,2.629244,2.630533,2.632144,2.631822,2.624411,2.6228,2.625055,1.689342,0.717219,0.356015,0.231318,0.182019,0.162364,0.153342,0.148509,0.145286,0.143998,0.143998,0.143353,0.142709,0.142386,0.143031,0.143031,0.141742,0.143353,0.142709,70
73,0.139487,0.139164,0.139809,0.139487,0.139487,0.139487,0.139487,0.139809,0.139487,0.138198,0.140775,0.13852,0.140453,0.139809,0.140131,0.139809,0.139809,0.139487,0.139487,0.139809,0.140131,1.376149,2.259341,2.529035,2.617322,2.64761,2.654377,2.652121,2.652443,2.65051,2.650188,2.65051,2.650188,2.650188,2.650188,2.639877,2.641166,2.640199,2.642455,2.643744,2.63891,2.634722,2.633755,2.633433,2.634077,2.634399,2.633755,2.629888,2.626666,2.625055,2.622477,1.530168,0.653098,0.334749,0.22294,0.179763,0.161397,0.152053,0.148186,0.145931,0.143998,0.14432,0.14432,0.143353,0.142709,0.143031,0.142064,0.142064,0.142709,0.141742,70
74,0.140453,0.140131,0.139164,0.140453,0.140453,0.139809,0.140453,0.140453,0.140453,0.139809,0.140131,0.139809,0.139487,0.140131,0.139809,0.140131,0.139487,0.139164,0.139809,0.139487,1.198286,2.205209,2.513246,2.615066,2.641488,2.650832,2.655666,2.656954,2.658243,2.656954,2.647932,2.648899,2.648577,2.649221,2.649543,2.648255,2.641166,2.640199,2.64181,2.641488,2.632788,2.635688,2.634399,2.635688,2.635366,2.635044,2.625377,2.628922,2.626022,2.627311,1.554978,0.663731,0.338938,0.224551,0.180408,0.162042,0.15302,0.148509,0.146253,0.144964,0.145286,0.143998,0.143031,0.143353,0.143675,0.143031,0.142709,0.143031,0.142064,0.142064,70
75,0.141098,0.140775,0.140131,0.140453,0.140775,0.141098,0.14142,0.141742,0.14142,0.141098,0.140131,0.138842,0.143031,0.137553,0.14142,0.139809,0.140775,0.140775,0.140775,0.140775,1.161231,2.196187,2.505835,2.6083,2.645355,2.656954,2.661465,2.652443,2.654377,2.651799,2.654377,2.65341,2.653732,2.652121,2.645677,2.643421,2.642777,2.644066,2.64471,2.635366,2.637299,2.635366,2.636655,2.637621,2.636333,2.629888,2.629888,2.628922,2.630533,2.630533,1.708675,0.725918,0.361171,0.232607,0.184274,0.163008,0.154308,0.148831,0.146253,0.144642,0.145286,0.143675,0.143031,0.143675,0.143675,0.143031,0.143031,0.142386,0.143031,0.143353,70
76,0.140775,0.140453,0.140131,0.140453,0.140131,0.140775,0.14142,0.14142,0.141098,0.140775,0.140453,0.140775,0.142386,0.141742,0.140131,0.140453,0.14142,0.140453,0.140131,0.140453,1.240818,2.219708,2.519368,2.615711,2.644066,2.654377,2.660177,2.661465,2.655021,2.654054,2.655666,2.655343,2.648577,2.647288,2.647932,2.648899,2.641166,2.640199,2.64181,2.64181,2.642455,2.634722,2.632466,2.634722,2.636333,2.627955,2.627955,2.628922,2.630533,2.622477,1.60331,0.681775,0.345382,0.226485,0.181052,0.161075,0.152053,0.148831,0.146253,0.144642,0.14432,0.143031,0.143353,0.143353,0.142709,0.143353,0.143675,0.142386,0.141742,0.141742,70
77,0.140131,0.140131,0.140453,0.140131,0.140131,0.140131,0.140131,0.139809,0.141098,0.140453,0.140131,0.14142,0.139809,0.139487,0.140131,0.138198,0.140453,0.140453,0.139809,0.140453,1.137065,2.184265,2.506802,2.613133,2.641166,2.654054,2.659532,2.651799,2.652766,2.655666,2.655988,2.645677,2.647288,2.648899,2.65051,2.643744,2.643421,2.645032,2.638588,2.637944,2.639233,2.640521,2.631822,2.632466,2.635366,2.636333,2.628277,2.629888,2.631177,2.624088,1.71383,0.728818,0.361815,0.233251,0.18363,0.162686,0.153664,0.149153,0.147542,0.14432,0.143675,0.143998,0.143998,0.143031,0.14432,0.143353,0.143353,0.143031,0.142064,0.142386,70
78,0.140453,0.141742,0.140131,0.140131,0.139164,0.140131,0.140131,0.141098,0.140453,0.141098,0.14142,0.140775,0.14142,0.141098,0.139809,0.140775,0.141742,0.137231,0.143353,0.140453,1.077777,2.165898,2.498747,2.607978,2.646321,2.649543,2.654699,2.655666,2.657277,2.657599,2.646966,2.648577,2.648255,2.649221,2.648899,2.642455,2.641488,2.642132,2.642777,2.636655,2.634722,2.634077,2.635044,2.63601,2.629244,2.628599,2.627633,2.628922,2.63021,2.620544,1.808562,0.768451,0.375026,0.23744,0.184597,0.163653,0.153986,0.148186,0.145931,0.145286,0.143998,0.142386,0.142709,0.143675,0.142064,0.142709,0.142709,0.142386,0.142386,0.142386,70
79,0.140453,0.140131,0.140453,0.140131,0.139487,0.139164,0.140775,0.139487,0.139487,0.138842,0.139809,0.140453,0.139809,0.140775,0.140775,0.139487,0.139164,0.140775,0.139809,0.139809,1.061022,2.157843,2.495525,2.606367,2.644066,2.649866,2.651477,2.655343,2.655666,2.646321,2.64761,2.648577,2.648255,2.648255,2.640521,2.639233,2.640521,2.640844,2.640844,2.631499,2.632466,2.633433,2.633755,2.634077,2.624088,2.625699,2.625377,2.625377,2.627311,2.625377,1.96838,0.838371,0.397581,0.244529,0.187497,0.164619,0.15302,0.148509,0.146897,0.144642,0.143031,0.142709,0.143031,0.142386,0.142386,0.142064,0.142064,0.142386,0.14142,0.140775,70
80,0.139809,0.139487,0.139487,0.139164,0.139809,0.139164,0.139809,0.139487,0.139164,0.138842,0.139164,0.139809,0.139809,0.140131,0.139487,0.140453,0.139164,0.140131,0.139164,0.139809,0.980146,2.133355,2.489402,2.598311,2.635366,2.649866,2.655988,2.647932,2.648899,2.649543,2.65051,2.650188,2.642132,2.640844,2.643099,2.643421,2.63601,2.634399,2.636333,2.638266,2.628277,2.63021,2.632144,2.633433,2.626022,2.626666,2.627311,2.627955,2.621188,2.620222,1.702231,0.722696,0.358593,0.231962,0.181697,0.161719,0.152375,0.147542,0.144964,0.143998,0.14432,0.141098,0.142709,0.141742,0.142386,0.142064,0.142386,0.141742,0.141742,0.140775,70
81,0.139809,0.139487,0.140131,0.139809,0.139487,0.140453,0.139164,0.13852,0.140131,0.139164,0.139164,0.138842,0.140453,0.139164,0.140453,0.140131,0.140131,0.140131,0.138842,0.140131,1.104199,2.17202,2.500358,2.597022,2.635044,2.648577,2.654054,2.655666,2.647932,2.64761,2.648899,2.645355,2.642777,2.642455,2.643744,2.641166,2.63601,2.636333,2.637944,2.637621,2.628922,2.629244,2.63021,2.632466,2.623122,2.623444,2.626344,2.626344,2.618289,2.619577,1.682898,0.713996,0.35666,0.229062,0.18073,0.161719,0.151409,0.147864,0.145609,0.14432,0.143998,0.142709,0.142386,0.14142,0.141742,0.141742,0.14142,0.140775,0.140775,0.141098,70
82,0.139487,0.139487,0.139164,0.139487,0.139164,0.138842,0.140131,0.139809,0.139487,0.139487,0.140775,0.139809,0.139487,0.139809,0.13852,0.13852,0.139164,0.139487,0.138842,0.139809,1.004957,2.141088,2.490691,2.597022,2.634077,2.649543,2.652766,2.655343,2.645677,2.646643,2.645677,2.646643,2.64761,2.647288,2.639877,2.638266,2.63891,2.640199,2.639555,2.63311,2.630855,2.632788,2.633755,2.632466,2.626988,2.625055,2.626666,2.627955,2.627633,2.620866,1.789229,0.758784,0.36987,0.235184,0.182986,0.164297,0.152053,0.14722,0.146253,0.144642,0.143353,0.143675,0.142064,0.143353,0.142386,0.142064,0.143031,0.142064,0.141742,0.142064,70
83,0.139487,0.139487,0.139487,0.140131,0.139164,0.139809,0.139487,0.139809,0.139809,0.140453,0.139164,0.139487,0.139809,0.139487,0.139487,0.139487,0.138842,0.13852,0.13852,0.138198,1.069722,2.161387,2.496491,2.605722,2.633433,2.646643,2.652766,2.65341,2.655343,2.644388,2.645677,2.643421,2.642455,2.644066,2.644066,2.643421,2.634399,2.635688,2.634077,2.635366,2.635688,2.636333,2.626344,2.627311,2.627311,2.627633,2.628277,2.626988,2.626022,2.620544,1.892015,0.803572,0.385659,0.241951,0.186852,0.164297,0.153342,0.149797,0.144642,0.144964,0.143998,0.142709,0.143353,0.14142,0.142386,0.142064,0.142064,0.141742,0.142064,0.142709,70
84,0.138198,0.138842,0.139809,0.139164,0.139487,0.139487,0.138842,0.139164,0.139809,0.138842,0.140131,0.139809,0.139487,0.139164,0.139487,0.139487,0.140131,0.139487,0.140453,0.139809,1.14512,2.18652,2.495847,2.602822,2.63601,2.649221,2.652766,2.654054,2.651799,2.642777,2.645355,2.642777,2.643421,2.643421,2.643421,2.643744,2.634722,2.634077,2.632144,2.632788,2.632466,2.632144,2.632144,2.632466,2.623122,2.623122,2.6228,2.623122,2.624411,2.625055,1.721241,0.729463,0.360848,0.231318,0.182019,0.160753,0.151409,0.147542,0.143998,0.143353,0.143353,0.142064,0.143031,0.140775,0.14142,0.142064,0.140775,0.14142,0.14142,0.140775,70
85,0.139809,0.138198,0.139487,0.140131,0.139487,0.139487,0.139487,0.139164,0.139164,0.138842,0.140453,0.139487,0.139164,0.13852,0.138198,0.138198,0.139487,0.13852,0.138198,0.139164,1.136421,2.181687,2.503258,2.597989,2.635044,2.645677,2.651154,2.652121,2.653088,2.646321,2.643421,2.645032,2.644388,2.645355,2.637621,2.636333,2.637621,2.63891,2.632144,2.630855,2.629888,2.630533,2.630533,2.630855,2.6228,2.623444,2.6228,2.623444,2.624088,2.623444,1.681609,0.713674,0.35376,0.229062,0.18073,0.160108,0.151409,0.147542,0.145286,0.143675,0.142709,0.143353,0.142064,0.140131,0.14142,0.142386,0.140453,0.141742,0.140453,0.140775,70
86,0.137875,0.141742,0.136909,0.139164,0.139487,0.139164,0.139164,0.140131,0.138842,0.139164,0.138842,0.13852,0.138198,0.13852,0.139164,0.139809,0.139164,0.138198,0.139487,0.139809,0.943414,2.117244,2.478125,2.593156,2.633433,2.648899,2.65341,2.646966,2.646321,2.648255,2.650188,2.637299,2.642132,2.640844,2.642777,2.638588,2.634722,2.635044,2.636655,2.636655,2.629566,2.629888,2.63021,2.631822,2.621833,2.623122,2.622155,2.624733,2.624088,2.617966,1.858505,0.788428,0.380181,0.238729,0.184919,0.16333,0.15302,0.148509,0.145609,0.143675,0.143675,0.142064,0.14432,0.14142,0.141098,0.142386,0.141742,0.14142,0.140775,0.141098,70
87,0.139164,0.139164,0.140131,0.139487,0.13852,0.139164,0.139487,0.139487,0.139487,0.138842,0.138842,0.139809,0.139487,0.139809,0.139487,0.139487,0.139809,0.139487,0.140131,0.140453,1.127721,2.17782,2.500358,2.606367,2.63601,2.64471,2.651154,2.652766,2.643421,2.645355,2.647932,2.648255,2.64181,2.642455,2.642455,2.643744,2.636655,2.634399,2.636333,2.636977,2.627955,2.628599,2.630533,2.631822,2.628922,2.624733,2.625377,2.626344,2.627633,2.619577,1.686764,0.715285,0.355371,0.230029,0.181697,0.161397,0.15302,0.147542,0.146575,0.14432,0.143353,0.143675,0.142386,0.141742,0.141742,0.141742,0.142064,0.141742,0.140775,0.14142,70
88,0.139164,0.139164,0.139487,0.139809,0.138198,0.138842,0.139487,0.138198,0.140131,0.139487,0.141098,0.140453,0.139809,0.139809,0.140131,0.13852,0.13852,0.138198,0.139164,0.138198,1.184431,2.197475,2.508735,2.609911,2.638266,2.647932,2.65341,2.652766,2.652443,2.652766,2.642455,2.644388,2.642455,2.643099,2.643099,2.642132,2.633433,2.635044,2.633433,2.634077,2.633755,2.634399,2.625377,2.627311,2.626666,2.626344,2.626666,2.626666,2.617322,2.619255,1.757652,0.744285,0.364715,0.233573,0.182986,0.161719,0.152053,0.147542,0.145931,0.143998,0.142709,0.142064,0.142709,0.142064,0.142709,0.14432,0.139487,0.142064,0.139487,0.140775,70
89,0.139487,0.138842,0.139164,0.139487,0.138842,0.139487,0.13852,0.139164,0.138842,0.139487,0.137875,0.139164,0.139164,0.139487,0.138842,0.139809,0.138842,0.138198,0.139164,0.139164,1.230185,2.211331,2.51228,2.604433,2.63601,2.647932,2.652443,2.65341,2.645032,2.645677,2.643744,2.644066,2.64471,2.64471,2.63891,2.63601,2.633755,2.635688,2.635044,2.63601,2.626022,2.627311,2.625699,2.626988,2.627311,2.627955,2.619577,2.620222,2.619577,2.618933,1.771507,0.750084,0.367293,0.233573,0.182986,0.161397,0.152053,0.147542,0.14432,0.143675,0.143031,0.142386,0.142386,0.142386,0.14142,0.14142,0.14142,0.141098,0.142709,0.140775,70
90,0.140131,0.139487,0.138842,0.138198,0.138842,0.138842,0.13852,0.139164,0.13852,0.138198,0.138842,0.138842,0.139487,0.139164,0.139164,0.137875,0.13852,0.13852,0.13852,0.13852,0.13852,1.269495,2.217131,2.509058,2.604755,2.637944,2.649221,2.64471,2.646321,2.64761,2.647288,2.647288,2.640521,2.638266,2.640844,2.640199,2.630855,2.631822,2.632466,2.633755,2.633755,2.626988,2.626344,2.627311,2.627955,2.620222,2.618933,2.622155,2.622477,2.613778,2.614422,1.609755,0.683064,0.343771,0.224874,0.178797,0.159464,0.151086,0.146253,0.144642,0.142386,0.142386,0.142064,0.14142,0.14142,0.141098,0.141098,0.140775,0.140131,0.140453,70
91,0.137875,0.138198,0.13852,0.13852,0.138842,0.13852,0.13852,0.13852,0.136909,0.13852,0.137553,0.136909,0.139164,0.138842,0.137875,0.139164,0.138198,0.138842,0.137231,0.138198,1.187653,2.19522,2.504869,2.599922,2.633755,2.646321,2.641166,2.643099,2.645032,2.64761,2.639877,2.63891,2.641166,2.641166,2.634077,2.635688,2.63601,2.629244,2.627955,2.629244,2.633433,2.621188,2.622477,2.623444,2.626022,2.617644,2.617322,2.618611,2.621511,2.6112,1.658731,0.702074,0.349571,0.22584,0.179119,0.160108,0.150764,0.146575,0.144964,0.143998,0.142386,0.141098,0.140453,0.14142,0.140131,0.14142,0.141742,0.140131,0.140131,0.139487,70
92,0.13852,0.137231,0.13852,0.13852,0.138842,0.137875,0.13852,0.13852,0.138842,0.137553,0.139164,0.137875,0.137553,0.138198,0.139164,0.137875,0.138198,0.138198,0.139164,0.138198,1.109677,2.170409,2.488758,2.596056,2.633433,2.645999,2.642777,2.642777,2.645677,2.646321,2.639877,2.637299,2.639877,2.639877,2.632788,2.633755,2.635044,2.626666,2.627633,2.628277,2.629244,2.622477,2.622155,2.623766,2.624411,2.618289,2.617,2.619577,2.619577,2.613455,1.604922,0.68113,0.34216,0.223585,0.178797,0.158819,0.15012,0.146253,0.144642,0.143031,0.143031,0.141742,0.141098,0.141098,0.139809,0.139809,0.140131,0.139487,0.140453,0.140775,70
93,0.137875,0.138198,0.138198,0.138198,0.13852,0.137875,0.138842,0.137875,0.139164,0.138198,0.13852,0.137553,0.138842,0.138198,0.139487,0.13852,0.139487,0.137553,0.137875,0.138198,0.936325,2.109188,2.474903,2.5938,2.627311,2.640199,2.647288,2.646321,2.640521,2.642777,2.643421,2.634722,2.635688,2.637299,2.638266,2.628277,2.629888,2.629888,2.631822,2.631499,2.625055,2.623766,2.624733,2.626666,2.618933,2.619577,2.6228,2.615711,2.6141,2.616677,2.055056,0.876071,0.409825,0.248395,0.188463,0.16333,0.15302,0.147542,0.145286,0.143353,0.142386,0.14142,0.140775,0.141098,0.140453,0.140453,0.140131,0.140775,0.139487,0.140453,70
94,0.138198,0.138842,0.138198,0.139487,0.13852,0.138842,0.137231,0.137875,0.137875,0.138842,0.13852,0.138842,0.137875,0.138198,0.138198,0.138842,0.13852,0.137875,0.138198,0.137875,0.627643,1.999635,2.439137,2.581878,2.629566,2.636655,2.643421,2.645677,2.64761,2.647288,2.640521,2.638266,2.639555,2.640844,2.631499,2.632466,2.63311,2.634077,2.635044,2.628277,2.626022,2.627955,2.628922,2.6199,2.620866,2.621511,2.623766,2.623444,2.615389,2.615066,2.097266,0.89637,0.417236,0.251295,0.189752,0.164619,0.15302,0.146897,0.144964,0.143675,0.143353,0.141742,0.14142,0.141098,0.141742,0.141098,0.139809,0.141742,0.141098,0.140775,70
95,0.138198,0.137875,0.13852,0.139164,0.13852,0.137231,0.13852,0.138842,0.138198,0.13852,0.137875,0.13852,0.138198,0.139164,0.13852,0.138842,0.139164,0.13852,0.13852,0.138842,0.829349,2.077934,2.467814,2.587034,2.628599,2.644066,2.649866,2.650188,2.644388,2.643744,2.645355,2.645355,2.637299,2.636977,2.638266,2.639555,2.631499,2.631177,2.63311,2.634722,2.627633,2.626988,2.627633,2.628277,2.621833,2.621833,2.622477,2.624733,2.613455,2.616677,1.976114,0.840627,0.398225,0.244529,0.187819,0.163975,0.153986,0.146897,0.144642,0.143675,0.143353,0.142709,0.142386,0.141742,0.141098,0.140775,0.141098,0.140131,0.141098,0.140131,70
96,0.138842,0.138842,0.13852,0.138198,0.138842,0.139164,0.138842,0.13852,0.138842,0.139487,0.139164,0.139487,0.138842,0.139164,0.138842,0.139164,0.137553,0.138842,0.137553,0.138198,0.879615,2.097266,2.475225,2.590578,2.629888,2.645355,2.651154,2.649221,2.644388,2.645355,2.646321,2.647288,2.637944,2.637621,2.640199,2.640521,2.632466,2.631499,2.634077,2.635366,2.627955,2.626666,2.628277,2.628922,2.620222,2.621511,2.622155,2.6228,2.622477,2.613778,1.870105,0.792939,0.381792,0.239373,0.185241,0.162042,0.152375,0.14722,0.144642,0.143353,0.143031,0.143353,0.141742,0.140775,0.141098,0.141098,0.141742,0.14142,0.140453,0.141742,70
97,0.139164,0.138198,0.138198,0.139164,0.139164,0.139487,0.138842,0.138842,0.13852,0.138842,0.138198,0.138842,0.13852,0.139487,0.138842,0.138842,0.138198,0.138842,0.139809,0.14142,1.041689,2.154621,2.488758,2.597022,2.632144,2.646966,2.652121,2.644066,2.645999,2.645355,2.646966,2.646966,2.636977,2.637621,2.637621,2.639877,2.635366,2.632466,2.63311,2.635366,2.625377,2.628599,2.628277,2.630855,2.621511,2.621511,2.623766,2.624733,2.616033,2.617322,1.866883,0.793906,0.381792,0.238407,0.184919,0.162686,0.152375,0.14722,0.144964,0.14432,0.142064,0.142386,0.142064,0.141742,0.143031,0.14142,0.141098,0.14142,0.14142,0.141742,70
98,0.138842,0.138842,0.138842,0.138198,0.139164,0.138842,0.138198,0.139487,0.139164,0.139164,0.140775,0.13852,0.139809,0.139164,0.139164,0.139487,0.139164,0.139487,0.139164,0.138842,0.947602,2.118855,2.481347,2.5996,2.631177,2.64471,2.647932,2.649543,2.65051,2.65051,2.643421,2.640521,2.64181,2.642132,2.642132,2.635044,2.634077,2.634722,2.634399,2.634399,2.628277,2.626344,2.628277,2.627633,2.627633,2.621833,2.620544,2.617322,2.619577,2.619577,1.948081,0.826449,0.392426,0.242918,0.186852,0.16333,0.153342,0.14722,0.144964,0.143353,0.142386,0.142064,0.142386,0.140131,0.141098,0.14142,0.140453,0.141098,0.140453,0.140131,70
99,0.139487,0.137553,0.138198,0.13852,0.138842,0.138198,0.13852,0.13852,0.139164,0.137875,0.137553,0.138842,0.13852,0.139487,0.13852,0.13852,0.13852,0.138198,0.138842,0.13852,0.798417,2.068267,2.461692,2.585745,2.628277,2.644066,2.65051,2.643099,2.644388,2.645355,2.645355,2.645355,2.637944,2.636333,2.638266,2.638266,2.629888,2.629888,2.631177,2.632466,2.623766,2.624733,2.626988,2.627311,2.621833,2.620222,2.620866,2.621511,2.621833,2.615066,1.947114,0.827416,0.393714,0.243562,0.186852,0.161397,0.152375,0.146253,0.145931,0.143675,0.143031,0.141098,0.141098,0.140453,0.141098,0.140775,0.140775,0.140131,0.141098,0.140131,70
100,0.138842,0.138842,0.138842,0.139487,0.13852,0.13852,0.137875,0.137875,0.137553,0.13852,0.13852,0.139164,0.13852,0.137875,0.138842,0.139809,0.139487,0.138842,0.137553,0.138198,0.884448,2.096944,2.473292,2.586711,2.628922,2.642455,2.648255,2.649866,2.650188,2.641166,2.640844,2.64181,2.641488,2.642132,2.631499,2.633755,2.634399,2.635688,2.635366,2.629244,2.627311,2.629566,2.630533,2.622155,2.622477,2.624088,2.625377,2.6199,2.617966,2.619255,1.94647,0.826449,0.393714,0.24324,0.187497,0.164942,0.152375,0.147864,0.14432,0.143353,0.142386,0.142386,0.14142,0.141742,0.141742,0.14142,0.141098,0.142064,0.140775,0.140131,70
101,0.139487,0.139487,0.13852,0.139487,0.137875,0.138198,0.139164,0.139487,0.13852,0.13852,0.139164,0.138198,0.137875,0.13852,0.138198,0.139809,0.13852,0.139164,0.13852,0.138842,0.864793,2.088889,2.471036,2.596056,2.630533,2.645032,2.65051,2.65051,2.646643,2.645677,2.647932,2.637944,2.638588,2.641488,2.64181,2.634399,2.633755,2.634722,2.63601,2.629244,2.628277,2.630855,2.631499,2.624733,2.623444,2.625377,2.626666,2.620866,2.6199,2.620866,1.921981,0.81485,0.389203,0.241629,0.18653,0.163653,0.152375,0.146897,0.143998,0.143998,0.142386,0.142709,0.142386,0.142064,0.142064,0.140775,0.140453,0.141742,0.140775,0.141098,70
102,0.137875,0.139487,0.138198,0.13852,0.13852,0.138842,0.139487,0.139164,0.13852,0.138198,0.13852,0.138842,0.138842,0.138198,0.137875,0.138842,0.138842,0.13852,0.141098,0.139164,0.583821,1.988358,2.44107,2.577045,2.626022,2.645032,2.650832,2.645355,2.645355,2.649543,2.648899,2.642132,2.63891,2.641166,2.64181,2.632788,2.634077,2.632788,2.633433,2.633755,2.630855,2.626666,2.626988,2.627633,2.627955,2.620222,2.619577,2.6199,2.620866,2.621511,2.129488,0.909259,0.421747,0.252584,0.190719,0.163653,0.15302,0.147864,0.144964,0.142709,0.143675,0.142709,0.143031,0.14142,0.141742,0.140453,0.140775,0.140453,0.140775,0.140453,70
103,0.13852,0.138198,0.138842,0.137553,0.139164,0.139164,0.139164,0.13852,0.139487,0.137875,0.137875,0.13852,0.139809,0.138842,0.138842,0.138842,0.137875,0.137553,0.138842,0.138842,0.871882,2.089211,2.470392,2.594445,2.628922,2.641166,2.648899,2.649866,2.641166,2.642132,2.644066,2.643744,2.633433,2.635688,2.636333,2.637299,2.637944,2.631177,2.628599,2.630855,2.631177,2.624088,2.623766,2.623766,2.624733,2.625377,2.618611,2.619255,2.621188,2.612489,2.071811,0.885093,0.412725,0.250006,0.189752,0.163975,0.152375,0.148186,0.14432,0.143031,0.142386,0.142709,0.14142,0.142386,0.140131,0.139487,0.141098,0.140131,0.140131,0.140453,70
104,0.13852,0.13852,0.136587,0.138198,0.138198,0.138198,0.139809,0.139164,0.137553,0.137875,0.137553,0.13852,0.138198,0.138198,0.137875,0.13852,0.13852,0.13852,0.139164,0.138842,0.933747,2.111766,2.477803,2.589611,2.629244,2.645032,2.649543,2.644388,2.645355,2.645677,2.637944,2.637944,2.639877,2.639877,2.631177,2.631499,2.633755,2.634399,2.626022,2.626344,2.629244,2.630533,2.620544,2.621511,2.623444,2.624733,2.615711,2.616677,2.617966,2.619577,1.919404,0.812272,0.387592,0.240662,0.185563,0.162042,0.152697,0.14722,0.144642,0.142709,0.142064,0.142386,0.142709,0.140775,0.140453,0.140775,0.139809,0.141098,0.140131,0.140131,70
105,0.13852,0.137875,0.137875,0.137875,0.138198,0.136587,0.138842,0.137553,0.13852,0.137875,0.137875,0.137875,0.138198,0.13852,0.137875,0.13852,0.13852,0.137231,0.13852,0.138198,0.768451,2.05699,2.452992,2.584456,2.628277,2.644066,2.650188,2.645032,2.643744,2.645032,2.645355,2.635044,2.636655,2.638266,2.637621,2.638588,2.629244,2.628922,2.630855,2.631499,2.631177,2.621511,2.624088,2.623444,2.625055,2.626022,2.615711,2.617644,2.616355,2.618611,2.125944,0.909903,0.421747,0.253551,0.190719,0.164297,0.152375,0.147542,0.145931,0.143675,0.141742,0.141742,0.141742,0.140775,0.142064,0.141742,0.140775,0.140775,0.140453,0.140453,70
106,0.13852,0.137875,0.138198,0.138198,0.13852,0.13852,0.137231,0.138198,0.139487,0.138198,0.137875,0.138842,0.139809,0.138842,0.138198,0.137553,0.138198,0.13852,0.13852,0.138198,0.655031,2.010268,2.443003,2.583489,2.627311,2.639877,2.646321,2.648577,2.640844,2.640844,2.642132,2.643099,2.63311,2.635044,2.636977,2.637299,2.626988,2.626988,2.630533,2.630855,2.622477,2.623122,2.625055,2.626666,2.617,2.618289,2.620222,2.6199,2.620222,2.614422,2.129166,0.91087,0.421425,0.252584,0.191041,0.164619,0.152697,0.146897,0.143998,0.143675,0.142386,0.14142,0.140775,0.14142,0.14142,0.141098,0.139164,0.140453,0.139487,0.139487,70
107,0.139487,0.138198,0.138198,0.137231,0.138198,0.137875,0.138198,0.137875,0.138842,0.139809,0.138842,0.139164,0.137875,0.137553,0.13852,0.137875,0.13852,0.137875,0.13852,0.138198,0.882515,2.0905,2.466525,2.588,2.630855,2.645355,2.648577,2.643744,2.641166,2.642455,2.643421,2.642777,2.633755,2.63311,2.634722,2.635366,2.635366,2.627633,2.626344,2.627955,2.629566,2.629888,2.621511,2.620222,2.621188,2.621188,2.621511,2.615711,2.613778,2.614422,1.92907,0.819039,0.389848,0.240984,0.185886,0.162364,0.152053,0.146253,0.144642,0.143031,0.141098,0.141098,0.140775,0.140453,0.140775,0.140775,0.14142,0.140131,0.138842,0.13852,70
108,0.138198,0.137875,0.139809,0.138198,0.138842,0.136909,0.137231,0.137875,0.141098,0.134009,0.140453,0.137231,0.138842,0.137231,0.13852,0.137553,0.139487,0.13852,0.137875,0.137553,0.942447,2.112411,2.476192,2.586389,2.627311,2.639877,2.645355,2.647288,2.637621,2.639555,2.638266,2.640199,2.639877,2.630533,2.631499,2.63311,2.634077,2.629888,2.626022,2.628277,2.627955,2.622155,2.6199,2.620866,2.622477,2.623444,2.616677,2.615066,2.617966,2.617322,2.020901,0.857382,0.402736,0.245173,0.188141,0.162686,0.152375,0.145931,0.14432,0.142709,0.141742,0.142709,0.14142,0.140131,0.140775,0.140453,0.140775,0.140453,0.139164,0.142064,70
109,0.138198,0.137875,0.137231,0.137231,0.138198,0.137875,0.13852,0.13852,0.137875,0.13852,0.137875,0.137875,0.138198,0.137875,0.138198,0.137875,0.137875,0.137553,0.138198,0.138198,0.901526,2.097266,2.47007,2.591222,2.631822,2.638588,2.64181,2.644066,2.645032,2.64471,2.63601,2.635688,2.63601,2.636655,2.636655,2.63021,2.627955,2.629566,2.63021,2.631499,2.624411,2.6228,2.624088,2.624411,2.619255,2.617644,2.616033,2.617322,2.618611,2.608622,1.942281,0.824516,0.391781,0.240984,0.185563,0.162364,0.151409,0.14722,0.143353,0.142386,0.142386,0.141098,0.140775,0.140131,0.140131,0.140131,0.139809,0.140131,0.139487,0.139487,70
110,0.137553,0.137875,0.137875,0.138198,0.138198,0.138198,0.137553,0.136909,0.137875,0.137231,0.137231,0.137875,0.137875,0.138198,0.13852,0.138198,0.138198,0.137875,0.137553,0.137553,0.732685,2.038623,2.450737,2.584134,2.629888,2.635044,2.64181,2.643744,2.645677,2.645677,2.638266,2.63601,2.638588,2.637944,2.631822,2.629888,2.632466,2.634077,2.623766,2.624411,2.626022,2.626344,2.626344,2.617966,2.617644,2.619255,2.620544,2.620222,2.612811,2.611844,1.906515,0.808405,0.385981,0.239373,0.185563,0.161397,0.152375,0.146575,0.144642,0.143031,0.142709,0.141098,0.140775,0.141098,0.140453,0.140131,0.140453,0.140453,0.141098,0.139809,70
111,0.137231,0.137875,0.137553,0.137875,0.137231,0.137553,0.137875,0.137231,0.13852,0.137553,0.138842,0.138198,0.138842,0.137875,0.138842,0.137875,0.138842,0.137231,0.137553,0.138198,0.680486,2.022513,2.449448,2.576401,2.623444,2.640844,2.647288,2.646643,2.640844,2.642132,2.643099,2.643099,2.635366,2.634077,2.635688,2.635688,2.636655,2.629566,2.627955,2.630533,2.63021,2.620544,2.622155,2.623444,2.624733,2.625377,2.617322,2.616355,2.618289,2.618289,2.129166,0.908614,0.419492,0.252584,0.190719,0.163653,0.153342,0.147542,0.145609,0.142386,0.142064,0.141742,0.141098,0.140775,0.140453,0.140775,0.140775,0.141098,0.140453,0.140131,70
112,0.138198,0.137875,0.137875,0.137875,0.139164,0.137553,0.13852,0.13852,0.137875,0.139164,0.137875,0.13852,0.138198,0.13852,0.138842,0.138198,0.13562,0.140453,0.137231,0.139164,0.502301,1.954847,2.422382,2.573501,2.625699,2.644066,2.642777,2.644066,2.645677,2.646643,2.646643,2.640199,2.637944,2.639233,2.640521,2.632466,2.632788,2.632144,2.63311,2.633755,2.624411,2.625377,2.626988,2.628599,2.621511,2.621833,2.621511,2.620866,2.623444,2.615066,2.105,0.899592,0.418525,0.252262,0.189108,0.164297,0.152375,0.147864,0.144964,0.14432,0.143031,0.141742,0.140775,0.141098,0.140775,0.141098,0.140775,0.140131,0.139809,0.141098,70
113,0.138842,0.138842,0.139164,0.13852,0.138198,0.138198,0.13852,0.13852,0.13852,0.13852,0.13852,0.139487,0.138842,0.138198,0.137875,0.138842,0.138842,0.138842,0.140453,0.139164,0.672108,2.021224,2.451059,2.580589,2.627311,2.642455,2.649866,2.651477,2.649543,2.64471,2.642132,2.644066,2.645032,2.643099,2.637621,2.63601,2.637299,2.638266,2.631822,2.630533,2.630533,2.631177,2.631822,2.6228,2.623766,2.623766,2.624411,2.625055,2.625055,2.620222,2.118855,0.907648,0.421425,0.253873,0.190719,0.165908,0.153664,0.147864,0.145286,0.143998,0.143353,0.142709,0.142386,0.14142,0.142064,0.14142,0.140775,0.14142,0.140131,0.141098,70
114,0.139487,0.139487,0.138198,0.139487,0.138198,0.138842,0.13852,0.138842,0.139487,0.138842,0.139164,0.139487,0.139164,0.139487,0.138198,0.138842,0.139164,0.139809,0.139164,0.138842,0.693052,2.032179,2.449448,2.585423,2.629566,2.645355,2.651799,2.653088,2.653088,2.645677,2.64471,2.642777,2.643744,2.64471,2.64471,2.635688,2.634722,2.634077,2.633755,2.634722,2.634722,2.635044,2.626344,2.626666,2.626022,2.626988,2.627311,2.627633,2.620866,2.619255,2.31444,1.003668,0.455257,0.266117,0.195552,0.166875,0.154308,0.148831,0.146253,0.144964,0.143675,0.142386,0.141742,0.143031,0.142064,0.142064,0.141742,0.141742,0.141742,0.141742,70
115,0.139809,0.139809,0.139809,0.13852,0.139164,0.139487,0.139164,0.139164,0.139809,0.139164,0.13852,0.139164,0.139487,0.138842,0.139164,0.138842,0.139809,0.139164,0.139164,0.139809,0.732363,2.047645,2.461047,2.5851,2.631499,2.645355,2.651154,2.652121,2.652766,2.645355,2.645032,2.644066,2.64471,2.64471,2.645355,2.634722,2.637299,2.634399,2.636333,2.636655,2.636333,2.635688,2.626022,2.627955,2.625699,2.627633,2.627633,2.627955,2.622155,2.6199,2.073423,0.887026,0.414336,0.250973,0.189752,0.164942,0.153664,0.148509,0.145609,0.144964,0.143353,0.142709,0.142386,0.142386,0.142064,0.142709,0.141742,0.141098,0.14142,0.141098,70
116,0.138842,0.138842,0.139809,0.139487,0.137875,0.139809,0.139487,0.139164,0.139809,0.138842,0.138842,0.139487,0.140131,0.138842,0.139164,0.139487,0.139487,0.138842,0.139164,0.138198,0.863504,2.093722,2.468781,2.591545,2.636655,2.650188,2.650188,2.649866,2.650832,2.651477,2.652121,2.644066,2.643421,2.644066,2.645677,2.639233,2.637621,2.637621,2.640199,2.639555,2.632788,2.632144,2.63311,2.634399,2.627955,2.626666,2.628599,2.629566,2.628277,2.622155,2.125621,0.911837,0.42368,0.257095,0.190397,0.166875,0.153986,0.149797,0.14722,0.143675,0.143031,0.143998,0.142709,0.141742,0.142386,0.142064,0.142386,0.141742,0.142386,0.142064,70
117,0.140453,0.140131,0.139164,0.139487,0.138842,0.140131,0.139809,0.139487,0.139809,0.139164,0.139487,0.139809,0.139809,0.140131,0.140453,0.138842,0.139809,0.139809,0.140453,0.139164,0.91667,2.109833,2.480703,2.601856,2.632788,2.649221,2.655021,2.656954,2.651154,2.650832,2.651154,2.642777,2.644066,2.645999,2.646321,2.640521,2.639233,2.641488,2.640199,2.634722,2.634722,2.637621,2.63021,2.629244,2.631499,2.629888,2.624733,2.626344,2.628922,2.620222,1.866883,0.793261,0.383403,0.240018,0.18653,0.163975,0.154953,0.148186,0.146253,0.144964,0.143031,0.142709,0.142386,0.142064,0.142709,0.141098,0.142064,0.14142,0.14142,0.141098,70
118,0.140131,0.140131,0.140131,0.139487,0.139164,0.139164,0.139809,0.139487,0.140131,0.139809,0.139487,0.140131,0.139809,0.140453,0.139809,0.139809,0.139487,0.139164,0.139809,0.139487,1.016879,2.140121,2.488436,2.601856,2.640521,2.655021,2.651477,2.652443,2.653732,2.655021,2.647288,2.645677,2.64761,2.648255,2.63891,2.639877,2.641166,2.64181,2.638588,2.634077,2.634722,2.63601,2.637621,2.628277,2.627955,2.629888,2.631499,2.621833,2.623444,2.623444,1.879449,0.799061,0.384692,0.241307,0.18653,0.163975,0.153342,0.148831,0.146253,0.14432,0.143675,0.143998,0.143675,0.143353,0.14142,0.14142,0.14142,0.141742,0.141742,0.141098,70
119,0.140453,0.139164,0.13852,0.139809,0.139809,0.13852,0.139809,0.140131,0.139809,0.140131,0.140131,0.140453,0.140131,0.140131,0.139487,0.140453,0.139164,0.140775,0.138842,0.139809,0.886059,2.101777,2.478447,2.600889,2.63311,2.649221,2.65341,2.655666,2.657599,2.646966,2.647288,2.648899,2.649221,2.647932,2.640844,2.640199,2.641166,2.64181,2.634399,2.633755,2.633755,2.635366,2.635688,2.627955,2.627955,2.628599,2.629566,2.621188,2.621188,2.624411,1.958392,0.833538,0.396614,0.244207,0.187174,0.16333,0.153342,0.14722,0.145931,0.145609,0.142064,0.14432,0.142709,0.142386,0.14142,0.141742,0.142064,0.141742,0.141742,0.14142,70
120,0.138842,0.140775,0.140131,0.139487,0.13852,0.138842,0.13852,0.13852,0.13852,0.139809,0.139164,0.139487,0.138842,0.139487,0.139487,0.139809,0.139809,0.139809,0.140131,0.139809,0.662764,2.018968,2.448481,2.587678,2.635366,2.650832,2.647288,2.650188,2.649543,2.649543,2.648577,2.649543,2.643421,2.642455,2.640199,2.641166,2.642455,2.641488,2.633433,2.631499,2.63311,2.634399,2.634722,2.633755,2.626988,2.624411,2.625699,2.625699,2.626666,2.626344,2.128199,0.912803,0.424003,0.255484,0.192974,0.166875,0.154631,0.148831,0.146897,0.143998,0.143353,0.141742,0.141742,0.142064,0.140775,0.142064,0.14142,0.14142,0.141098,0.141098,70
121,0.13852,0.139809,0.140775,0.139487,0.139487,0.138842,0.139487,0.139164,0.139164,0.139809,0.139809,0.13852,0.139487,0.140131,0.140131,0.139809,0.139487,0.139164,0.13852,0.138842,0.731718,2.044745,2.459436,2.592511,2.638266,2.645355,2.649543,2.651799,2.653088,2.653088,2.651799,2.642777,2.642777,2.643744,2.643099,2.642777,2.642455,2.635366,2.633433,2.633755,2.635044,2.635044,2.634399,2.627955,2.626344,2.628277,2.628599,2.621511,2.621511,2.620544,2.011557,0.858349,0.404992,0.247751,0.189108,0.165264,0.15302,0.148509,0.145286,0.14432,0.143353,0.143031,0.142064,0.142386,0.141098,0.141098,0.140775,0.142709,0.142064,0.142386,70
122,0.139809,0.139487,0.137553,0.143031,0.137231,0.140453,0.13852,0.140453,0.13852,0.139487,0.139487,0.140775,0.13852,0.140131,0.140131,0.138842,0.139164,0.138842,0.139487,0.139809,0.94728,2.116922,2.479092,2.598633,2.640199,2.646966,2.650188,2.653088,2.654377,2.646643,2.646321,2.64761,2.648577,2.637299,2.640521,2.639555,2.642777,2.632788,2.63311,2.635366,2.636655,2.628599,2.629244,2.632144,2.631177,2.625055,2.624411,2.625377,2.626988,2.620866,1.855927,0.788428,0.380504,0.239695,0.185886,0.163008,0.152053,0.148186,0.144642,0.143675,0.143353,0.142709,0.141742,0.141098,0.143675,0.141742,0.141742,0.141098,0.142386,0.140453,70
123,0.140453,0.139487,0.138842,0.139487,0.139487,0.138198,0.139487,0.140453,0.138842,0.138842,0.139487,0.139487,0.13852,0.139487,0.140131,0.139487,0.139164,0.140131,0.13852,0.140453,1.085188,2.167509,2.492947,2.599922,2.639233,2.651799,2.64761,2.648899,2.650832,2.652443,2.642777,2.644066,2.645032,2.645355,2.636333,2.638266,2.636655,2.639233,2.63311,2.631499,2.633433,2.635044,2.625055,2.626666,2.627311,2.627633,2.629244,2.6228,2.621511,2.6228,1.885249,0.799706,0.383726,0.239695,0.186208,0.163653,0.152375,0.147864,0.145609,0.144642,0.143675,0.143031,0.142064,0.141742,0.142064,0.142064,0.141742,0.140131,0.141098,0.140131,70
124,0.139164,0.13852,0.138842,0.139164,0.139487,0.138842,0.139164,0.139487,0.139487,0.139487,0.138842,0.139164,0.13852,0.139164,0.139809,0.139809,0.139487,0.138198,0.13852,0.139164,1.055867,2.156876,2.494236,2.6054,2.631822,2.645999,2.65051,2.652766,2.65341,2.643744,2.645677,2.645677,2.646321,2.645999,2.637299,2.637944,2.637944,2.639555,2.640521,2.632144,2.631499,2.632788,2.633433,2.633755,2.627311,2.625699,2.626666,2.627633,2.627633,2.620866,1.903615,0.808728,0.388559,0.240984,0.186852,0.163653,0.15302,0.148186,0.146253,0.144642,0.143998,0.142709,0.142064,0.143031,0.142709,0.141742,0.14142,0.14142,0.142386,0.14142,70
125,0.139164,0.13852,0.140453,0.139487,0.139487,0.140131,0.139809,0.139809,0.138842,0.139164,0.139164,0.139487,0.139487,0.138842,0.138842,0.140453,0.139809,0.139164,0.140453,0.140131,1.044911,2.15301,2.493913,2.606367,2.636333,2.647288,2.653088,2.655021,2.655343,2.648899,2.64761,2.647932,2.648255,2.639877,2.640199,2.639555,2.641166,2.641166,2.641166,2.63021,2.63311,2.631177,2.632144,2.632788,2.633755,2.626344,2.625055,2.626666,2.627311,2.618611,1.741219,0.738485,0.364393,0.233573,0.182663,0.162686,0.152375,0.148509,0.145286,0.144642,0.145286,0.142064,0.141742,0.141742,0.142064,0.141098,0.142386,0.141742,0.142064,0.14142,70
126,0.140453,0.139487,0.139487,0.139809,0.139809,0.140775,0.139487,0.139164,0.140453,0.137553,0.142064,0.13852,0.139164,0.139164,0.139809,0.139164,0.140131,0.138842,0.140453,0.140453,0.937292,2.118533,2.485214,2.600567,2.63601,2.647932,2.654054,2.655343,2.648255,2.647932,2.646643,2.646966,2.647288,2.644388,2.639555,2.637621,2.638588,2.638266,2.640521,2.634077,2.63021,2.632466,2.631499,2.633433,2.624411,2.624088,2.626666,2.627955,2.621188,2.620866,1.872682,0.794872,0.383403,0.24034,0.18653,0.16333,0.151731,0.148186,0.145931,0.143353,0.143675,0.142709,0.143675,0.143353,0.141742,0.142064,0.142709,0.140453,0.140775,0.14142,70
127,0.139487,0.139809,0.13852,0.139809,0.139164,0.139809,0.139809,0.140131,0.139809,0.139164,0.13852,0.138842,0.139164,0.138842,0.138842,0.140131,0.139487,0.140131,0.13852,0.139809,0.947925,2.118533,2.479414,2.598311,2.639877,2.64471,2.648255,2.652121,2.653088,2.64471,2.643421,2.646321,2.645677,2.645677,2.637299,2.636333,2.636977,2.636977,2.63891,2.631499,2.629888,2.632466,2.633755,2.626344,2.626988,2.629244,2.621833,2.621833,2.623444,2.625055,1.953881,0.830316,0.395003,0.244851,0.187497,0.163653,0.153664,0.147542,0.144964,0.143998,0.143353,0.142709,0.142386,0.142064,0.142386,0.141742,0.140775,0.141098,0.14142,0.141098,70
128,0.138842,0.139487,0.138198,0.138198,0.138198,0.13852,0.13852,0.140131,0.138842,0.138842,0.139164,0.138842,0.138842,0.140775,0.13852,0.140131,0.138198,0.140131,0.138842,0.139809,0.984979,2.134966,2.481347,2.595089,2.634722,2.648577,2.654054,2.646966,2.646643,2.646643,2.648255,2.648255,2.64181,2.641166,2.639555,2.640199,2.640844,2.634722,2.63311,2.63311,2.634722,2.635044,2.626022,2.627311,2.625699,2.626344,2.628277,2.618611,2.621188,2.6199,1.794706,0.761684,0.371159,0.235507,0.183308,0.162042,0.152697,0.148831,0.145286,0.144642,0.142709,0.142064,0.142709,0.141098,0.142064,0.142709,0.141742,0.14142,0.140775,0.141098,70
129,0.139164,0.138842,0.13852,0.140131,0.139487,0.139164,0.139487,0.138842,0.139487,0.138842,0.13852,0.139809,0.139809,0.139164,0.139487,0.139487,0.14142,0.139164,0.140453,0.138842,0.810983,2.075356,2.471036,2.589934,2.632144,2.648255,2.653088,2.654699,2.645355,2.64761,2.645355,2.645677,2.645677,2.645355,2.645999,2.635688,2.63601,2.636333,2.636977,2.637299,2.636333,2.626666,2.628277,2.626666,2.628922,2.629566,2.629888,2.622155,2.6199,2.621511,1.877838,0.797772,0.384048,0.239695,0.185563,0.16333,0.153342,0.148186,0.145931,0.143998,0.143675,0.142386,0.143031,0.142386,0.142709,0.141098,0.141742,0.141742,0.14142,0.14142,70
130,0.139809,0.139809,0.139487,0.138198,0.13852,0.13852,0.139487,0.139164,0.139487,0.139487,0.140131,0.139487,0.139487,0.139809,0.138842,0.139164,0.139164,0.139487,0.139487,0.140131,1.058767,2.159454,2.491014,2.599278,2.635366,2.649543,2.654377,2.655021,2.645677,2.646321,2.646966,2.64761,2.647932,2.637944,2.63891,2.639877,2.639877,2.640521,2.640521,2.632788,2.631822,2.632788,2.632466,2.63311,2.623444,2.625055,2.623444,2.624411,2.626022,2.626022,1.890726,0.803572,0.385659,0.24034,0.185563,0.162686,0.15302,0.147542,0.145609,0.142709,0.143675,0.143031,0.143031,0.141742,0.142064,0.14142,0.142386,0.14142,0.142386,0.141742,70
131,0.139809,0.13852,0.139487,0.138842,0.139164,0.140131,0.139487,0.139487,0.139487,0.139164,0.139164,0.140131,0.139487,0.139487,0.139487,0.138842,0.139809,0.139164,0.139164,0.140131,0.825161,2.078578,2.46717,2.593478,2.636977,2.651477,2.655343,2.65051,2.648577,2.650188,2.650832,2.650832,2.643099,2.641166,2.642132,2.642777,2.643099,2.634399,2.633433,2.635366,2.635688,2.63601,2.628922,2.628922,2.626344,2.629566,2.628922,2.629244,2.622155,2.620222,1.904904,0.809694,0.388237,0.241307,0.187497,0.163975,0.153986,0.148186,0.145931,0.143998,0.143675,0.143675,0.142386,0.142709,0.143031,0.142386,0.142709,0.142709,0.143031,0.141742,70
132,0.139809,0.140131,0.139487,0.139809,0.139809,0.140453,0.139809,0.139487,0.139164,0.140131,0.140131,0.139809,0.139809,0.139487,0.138842,0.140131,0.140131,0.139809,0.140453,0.140453,0.93568,2.116277,2.481669,2.600567,2.640844,2.647932,2.651477,2.650832,2.651799,2.652121,2.651477,2.651154,2.650188,2.641166,2.640844,2.639233,2.641166,2.640844,2.641166,2.63311,2.633433,2.632466,2.632788,2.63311,2.633433,2.632788,2.623122,2.625377,2.623444,2.623444,1.939381,0.825805,0.39307,0.244529,0.187819,0.163975,0.15302,0.147864,0.145931,0.145286,0.143353,0.142386,0.142709,0.142386,0.142064,0.14142,0.141742,0.14142,0.14142,0.140775,70
133,0.139487,0.140453,0.139487,0.139164,0.139809,0.139164,0.139487,0.139809,0.140131,0.140131,0.140131,0.140453,0.138198,0.139164,0.139487,0.140453,0.139809,0.139487,0.140131,0.140131,0.906359,2.105322,2.47748,2.5996,2.640199,2.65341,2.649221,2.652766,2.651799,2.652443,2.654699,2.644066,2.646321,2.644388,2.645677,2.645355,2.645032,2.635366,2.637299,2.63601,2.636977,2.636655,2.637299,2.631177,2.629244,2.63021,2.630533,2.631822,2.623444,2.623444,1.962258,0.836116,0.396937,0.245495,0.18943,0.164297,0.154308,0.149153,0.145931,0.144964,0.143675,0.143675,0.143031,0.142709,0.142709,0.142709,0.141098,0.141742,0.142064,0.14142,70
134,0.139809,0.140775,0.140453,0.140131,0.139487,0.140131,0.139487,0.139487,0.139809,0.141098,0.140453,0.140453,0.139487,0.139487,0.139487,0.140453,0.139164,0.139809,0.140131,0.139487,0.665986,2.025412,2.457503,2.586067,2.635044,2.650832,2.656632,2.658888,2.652443,2.651799,2.653088,2.65341,2.645032,2.645032,2.645999,2.646643,2.646321,2.639877,2.637944,2.638588,2.640199,2.640844,2.63021,2.631822,2.631822,2.63311,2.633433,2.630855,2.627311,2.625055,2.063434,0.882837,0.414658,0.25194,0.190397,0.167197,0.155597,0.149475,0.146253,0.145286,0.143998,0.143353,0.143675,0.143998,0.143031,0.143675,0.142386,0.141742,0.14142,0.141742,70
135,0.140453,0.140453,0.140775,0.140453,0.140131,0.139809,0.140775,0.141098,0.140131,0.140453,0.140453,0.14142,0.14142,0.139809,0.140131,0.140775,0.140131,0.140775,0.140453,0.139487,0.668564,2.028635,2.460081,2.591867,2.636655,2.65341,2.660499,2.658888,2.654377,2.65341,2.655666,2.655666,2.648255,2.646321,2.647932,2.648577,2.640199,2.640199,2.641488,2.642132,2.643421,2.635688,2.633433,2.635688,2.637299,2.629566,2.629566,2.629888,2.630533,2.631177,2.063112,0.883482,0.414658,0.25194,0.191685,0.165264,0.154953,0.149153,0.146897,0.144964,0.144642,0.143353,0.143675,0.142709,0.143353,0.143998,0.143353,0.142386,0.142064,0.143353,70
136,0.140453,0.139487,0.140453,0.14142,0.140453,0.140131,0.140775,0.139487,0.139809,0.140131,0.140775,0.140775,0.139164,0.140131,0.140131,0.140131,0.139809,0.140775,0.140775,0.140131,0.793584,2.069878,2.468136,2.596378,2.64181,2.656954,2.651477,2.656954,2.654054,2.655988,2.655021,2.654699,2.64471,2.646321,2.645355,2.646966,2.646643,2.640199,2.639555,2.637299,2.639233,2.640521,2.639877,2.632788,2.631822,2.633755,2.634722,2.627311,2.627633,2.627955,2.062145,0.882837,0.414014,0.251617,0.191363,0.165264,0.154953,0.149475,0.146575,0.144964,0.145609,0.143353,0.143675,0.142709,0.143353,0.142709,0.143031,0.143998,0.14142,0.14142,70
137,0.140775,0.139164,0.140131,0.140775,0.140131,0.140775,0.139809,0.140453,0.140453,0.141098,0.140775,0.140775,0.139487,0.139809,0.140453,0.140775,0.140131,0.140453,0.139809,0.140775,0.554822,1.980625,2.441715,2.5909,2.639877,2.65051,2.655343,2.657921,2.659532,2.649221,2.649866,2.651477,2.651477,2.652121,2.642777,2.643099,2.643099,2.644066,2.644388,2.64471,2.63601,2.634077,2.63601,2.637299,2.636977,2.626666,2.628922,2.629244,2.629888,2.630533,2.318628,1.009146,0.458157,0.267406,0.197808,0.168486,0.156242,0.150764,0.146253,0.149475,0.141098,0.14432,0.143031,0.143353,0.143353,0.143353,0.143031,0.143031,0.141742,0.142064,70
138,0.136587,0.143031,0.139164,0.140453,0.139809,0.140775,0.140453,0.140453,0.139809,0.140775,0.140453,0.140453,0.139487,0.140131,0.139487,0.140131,0.139487,0.138842,0.140131,0.140775,0.559333,1.986424,2.437204,2.585745,2.636333,2.653732,2.65921,2.65051,2.652443,2.653732,2.654054,2.652766,2.645355,2.64471,2.645355,2.645677,2.645999,2.641488,2.638266,2.636655,2.637621,2.637621,2.638588,2.628277,2.630855,2.629244,2.63021,2.630855,2.627633,2.623444,2.18362,0.941158,0.433991,0.258384,0.193619,0.167197,0.154631,0.149797,0.146253,0.145609,0.146253,0.142064,0.144642,0.143998,0.142386,0.14142,0.141098,0.14142,0.143353,0.141098,70
139,0.140453,0.139487,0.139809,0.137875,0.139809,0.140775,0.139164,0.138842,0.139487,0.139809,0.140131,0.140453,0.140131,0.139487,0.140131,0.140131,0.139487,0.140453,0.139809,0.139487,0.351826,1.892982,2.414004,2.576401,2.630533,2.650832,2.657921,2.653732,2.652766,2.654054,2.654377,2.645677,2.64471,2.645999,2.646643,2.646966,2.639877,2.638266,2.640199,2.640844,2.631499,2.63311,2.633755,2.63601,2.628599,2.628599,2.63021,2.631499,2.622155,2.6228,2.429793,1.0636,0.477168,0.274495,0.199741,0.169453,0.156564,0.15012,0.146575,0.143998,0.143675,0.143675,0.142386,0.143675,0.142386,0.142064,0.141742,0.141742,0.141098,0.14142,70
140,0.139487,0.141742,0.139809,0.139487,0.139487,0.13852,0.139809,0.140453,0.139487,0.139809,0.139809,0.140453,0.139487,0.140131,0.139164,0.139487,0.139809,0.139487,0.139809,0.140453,0.485546,1.950336,2.431404,2.586067,2.636977,2.64761,2.652121,2.655666,2.65631,2.648255,2.648577,2.646643,2.64761,2.647932,2.648255,2.639233,2.638588,2.640521,2.640844,2.64181,2.63311,2.632144,2.632788,2.634077,2.634722,2.626988,2.627311,2.625699,2.627311,2.626666,2.262563,0.977891,0.44688,0.262573,0.195552,0.167519,0.154631,0.148831,0.146253,0.143675,0.143675,0.143675,0.143353,0.143675,0.141742,0.142709,0.142064,0.141098,0.14142,0.141098,70
141,0.139809,0.139164,0.139487,0.139809,0.139809,0.139809,0.138198,0.13852,0.139164,0.139487,0.139487,0.139487,0.139809,0.139809,0.139164,0.140131,0.139487,0.140453,0.139809,0.139164,0.293505,1.857216,2.40176,2.574789,2.633433,2.643099,2.650832,2.653088,2.655343,2.655343,2.648577,2.648577,2.645999,2.646321,2.646966,2.64761,2.639233,2.636977,2.640199,2.640199,2.640199,2.633755,2.631499,2.633433,2.63311,2.634399,2.628599,2.626988,2.624411,2.627311,2.289629,0.993357,0.453002,0.265473,0.195874,0.16913,0.156564,0.150442,0.146253,0.145609,0.143675,0.143353,0.143031,0.142064,0.142386,0.141742,0.14432,0.143031,0.143031,0.141742,70
142,0.140131,0.140775,0.140453,0.140131,0.140453,0.140131,0.140453,0.139809,0.139164,0.140453,0.140131,0.139809,0.140131,0.140453,0.139809,0.140775,0.139164,0.139809,0.139487,0.139487,0.456224,1.93777,2.425604,2.582523,2.634722,2.652443,2.658243,2.649221,2.651799,2.651477,2.648577,2.649221,2.648577,2.647288,2.647288,2.645999,2.645999,2.635688,2.637299,2.635366,2.636333,2.636333,2.636333,2.636333,2.625699,2.628277,2.625377,2.627633,2.626988,2.626988,2.227764,0.960491,0.440758,0.260317,0.194263,0.167519,0.154953,0.149475,0.146253,0.14432,0.143998,0.143353,0.143353,0.142709,0.142709,0.142386,0.142064,0.142064,0.142386,0.141742,70
143,0.140131,0.139487,0.13852,0.138842,0.140131,0.139487,0.140453,0.141098,0.139809,0.140131,0.140775,0.138842,0.140131,0.140775,0.140453,0.14142,0.140775,0.139809,0.139164,0.139164,0.298983,1.862694,2.405949,2.577689,2.626022,2.645999,2.652766,2.654377,2.657599,2.646966,2.647932,2.649543,2.65051,2.650188,2.643099,2.640844,2.641488,2.64181,2.642777,2.629888,2.63311,2.633433,2.634399,2.634722,2.63021,2.627311,2.625377,2.625377,2.625699,2.627311,2.312184,0.999157,0.454935,0.265795,0.195552,0.167841,0.154953,0.149153,0.146253,0.144642,0.14432,0.144642,0.143031,0.141742,0.142064,0.142064,0.142386,0.142064,0.141098,0.143675,70
144,0.140131,0.139164,0.139487,0.139164,0.139809,0.139487,0.140131,0.139809,0.139164,0.139487,0.138842,0.139164,0.137875,0.139487,0.140131,0.140131,0.139487,0.140131,0.139487,0.139164,0.449135,1.93197,2.423993,2.578012,2.631822,2.649866,2.655988,2.656954,2.645999,2.649543,2.647288,2.646966,2.646321,2.646966,2.645999,2.645032,2.639233,2.636655,2.635366,2.635366,2.636333,2.636333,2.636333,2.624733,2.626988,2.627311,2.627633,2.627633,2.628277,2.620222,2.290918,0.992068,0.451713,0.264828,0.195552,0.167197,0.155275,0.149153,0.146253,0.144642,0.143353,0.143031,0.142709,0.143031,0.142064,0.142064,0.142064,0.140775,0.140453,0.140453,70
145,0.140131,0.139487,0.139487,0.140131,0.139164,0.139487,0.139487,0.139487,0.139487,0.140131,0.13852,0.139487,0.139164,0.138842,0.138842,0.140453,0.139487,0.139164,0.139164,0.139487,0.287061,1.851094,2.397249,2.571567,2.629566,2.645999,2.648577,2.649866,2.651154,2.651154,2.650832,2.64181,2.640844,2.639555,2.640521,2.639555,2.639233,2.639233,2.631177,2.628599,2.63021,2.630533,2.630855,2.620866,2.622155,2.620866,2.622155,2.622155,2.622477,2.614744,2.259019,0.974668,0.44398,0.260639,0.193941,0.165908,0.153342,0.147864,0.144964,0.143675,0.142386,0.142386,0.141742,0.140453,0.141098,0.139809,0.141098,0.140775,0.140131,0.139809,70
146,0.137875,0.138198,0.138842,0.138842,0.139809,0.137875,0.137875,0.138198,0.137553,0.138198,0.138198,0.138842,0.138198,0.138198,0.13852,0.13852,0.137875,0.13852,0.138198,0.13852,0.479101,1.944214,2.420126,2.573178,2.623122,2.64181,2.647932,2.650188,2.645032,2.642777,2.640521,2.639877,2.640199,2.640199,2.640521,2.63891,2.630855,2.63021,2.630533,2.629888,2.630855,2.630855,2.630533,2.621833,2.621188,2.620866,2.621833,2.6228,2.622477,2.614422,2.251608,0.971446,0.442369,0.259673,0.193296,0.165264,0.152697,0.14722,0.14432,0.143031,0.142386,0.14142,0.140453,0.141098,0.140453,0.140453,0.140131,0.140131,0.140131,0.140453,70
147,0.138198,0.139164,0.137875,0.139809,0.138842,0.137553,0.139164,0.138842,0.139487,0.138198,0.138842,0.138198,0.137875,0.137553,0.138198,0.138842,0.136909,0.139809,0.137553,0.13852,0.602188,1.995446,2.433981,2.577689,2.626344,2.642777,2.649221,2.649543,2.644388,2.642132,2.642777,2.643421,2.643421,2.633755,2.634722,2.634077,2.635044,2.634722,2.634399,2.626022,2.626022,2.626344,2.626988,2.627955,2.620222,2.621188,2.6199,2.621511,2.6228,2.615711,2.154299,0.923436,0.425614,0.254517,0.191363,0.163975,0.153342,0.148186,0.144642,0.143031,0.143031,0.14142,0.141098,0.141742,0.142064,0.14142,0.14142,0.141098,0.141098,0.141098,70
148,0.137553,0.138198,0.137553,0.137875,0.138198,0.137875,0.137875,0.138842,0.137875,0.138842,0.138842,0.138842,0.137875,0.138198,0.139164,0.137875,0.139164,0.136587,0.13852,0.138198,0.603154,1.992224,2.437204,2.580912,2.628922,2.645355,2.642777,2.644388,2.643744,2.645032,2.645355,2.644388,2.637299,2.636333,2.636333,2.636977,2.637621,2.636333,2.629888,2.627955,2.629888,2.629566,2.629888,2.629244,2.621511,2.6199,2.621511,2.620866,2.621511,2.622477,2.061178,0.879615,0.412081,0.251295,0.189752,0.164297,0.153342,0.147864,0.145286,0.143998,0.142709,0.142064,0.141742,0.142386,0.141098,0.140775,0.140453,0.140131,0.140453,0.140131,70
149,0.139164,0.139164,0.138198,0.137875,0.138198,0.138198,0.139164,0.138198,0.139164,0.138198,0.13852,0.13852,0.137875,0.13852,0.13852,0.138842,0.13852,0.137875,0.139164,0.137875,0.5661,1.980302,2.438492,2.576723,2.625699,2.643099,2.649866,2.650832,2.650832,2.642777,2.641488,2.643421,2.642777,2.643744,2.634722,2.635366,2.634722,2.636333,2.63601,2.634399,2.629888,2.627955,2.629244,2.629888,2.623766,2.6228,2.623444,2.625055,2.625055,2.618933,2.200698,0.94728,0.434958,0.259028,0.193619,0.165908,0.153664,0.147864,0.144964,0.143031,0.143031,0.143031,0.142386,0.142064,0.141742,0.14142,0.142386,0.140775,0.140131,0.140775,70
